Time,Driver,DriverNumber,LapTime,LapNumber,Stint,PitOutTime,PitInTime,Sector1Time,Sector2Time,Sector3Time,Sector1SessionTime,Sector2SessionTime,Sector3SessionTime,SpeedI1,SpeedI2,SpeedFL,SpeedST,IsPersonalBest,Compound,TyreLife,FreshTyre,Team,LapStartTime,LapStartDate,TrackStatus,Position,Deleted,DeletedReason,FastF1Generated,IsAccurate,LapTime(seconds),Sector1Time(seconds),Sector2Time(seconds),Sector3Time(seconds)
0 days 01:13:17.797000,VER,1,0 days 00:01:30.273000,5.0,1.0,,,0 days 00:00:33.310000,0 days 00:00:30.260000,0 days 00:00:26.703000,0 days 01:12:20.888000,0 days 01:12:51.148000,0 days 01:13:17.851000,231.0,274.0,274.0,291.0,True,MEDIUM,8.0,False,Red Bull Racing,0 days 01:11:47.524000,2023-10-08 17:12:47.529,1,1.0,False,,False,True,90.273,33.31,30.26,26.703
0 days 01:14:47.206000,VER,1,0 days 00:01:29.409000,6.0,1.0,,,0 days 00:00:33.139000,0 days 00:00:29.969000,0 days 00:00:26.301000,0 days 01:13:50.990000,0 days 01:14:20.959000,0 days 01:14:47.260000,226.0,275.0,275.0,298.0,True,MEDIUM,9.0,False,Red Bull Racing,0 days 01:13:17.797000,2023-10-08 17:14:17.802,1,1.0,False,,False,True,89.409,33.139,29.969,26.301
0 days 01:16:16.289000,VER,1,0 days 00:01:29.083000,7.0,1.0,,,0 days 00:00:32.850000,0 days 00:00:29.847000,0 days 00:00:26.386000,0 days 01:15:20.110000,0 days 01:15:49.957000,0 days 01:16:16.343000,231.0,275.0,275.0,299.0,True,MEDIUM,10.0,False,Red Bull Racing,0 days 01:14:47.206000,2023-10-08 17:15:47.211,1,1.0,False,,False,True,89.083,32.85,29.847,26.386
0 days 01:17:45.651000,VER,1,0 days 00:01:29.362000,8.0,1.0,,,0 days 00:00:33.037000,0 days 00:00:29.899000,0 days 00:00:26.426000,0 days 01:16:49.380000,0 days 01:17:19.279000,0 days 01:17:45.705000,229.0,275.0,275.0,301.0,False,MEDIUM,11.0,False,Red Bull Racing,0 days 01:16:16.289000,2023-10-08 17:17:16.294,1,1.0,False,,False,True,89.362,33.037,29.899,26.426
0 days 01:19:14.977000,VER,1,0 days 00:01:29.326000,9.0,1.0,,,0 days 00:00:33.034000,0 days 00:00:29.860000,0 days 00:00:26.432000,0 days 01:18:18.739000,0 days 01:18:48.599000,0 days 01:19:15.031000,230.0,276.0,275.0,301.0,False,MEDIUM,12.0,False,Red Bull Racing,0 days 01:17:45.651000,2023-10-08 17:18:45.656,1,1.0,False,,False,True,89.326,33.034,29.86,26.432
0 days 01:20:44.434000,VER,1,0 days 00:01:29.457000,10.0,1.0,,,0 days 00:00:33.020000,0 days 00:00:29.859000,0 days 00:00:26.578000,0 days 01:19:48.051000,0 days 01:20:17.910000,0 days 01:20:44.488000,229.0,276.0,274.0,300.0,False,MEDIUM,13.0,False,Red Bull Racing,0 days 01:19:14.977000,2023-10-08 17:20:14.982,1,1.0,False,,False,True,89.457,33.02,29.859,26.578
0 days 01:22:13.791000,VER,1,0 days 00:01:29.357000,11.0,1.0,,,0 days 00:00:33.039000,0 days 00:00:29.873000,0 days 00:00:26.445000,0 days 01:21:17.527000,0 days 01:21:47.400000,0 days 01:22:13.845000,228.0,276.0,275.0,302.0,False,MEDIUM,14.0,False,Red Bull Racing,0 days 01:20:44.434000,2023-10-08 17:21:44.439,1,1.0,False,,False,True,89.357,33.039,29.873,26.445
0 days 01:23:42.993000,VER,1,0 days 00:01:29.202000,12.0,1.0,,,0 days 00:00:32.949000,0 days 00:00:29.837000,0 days 00:00:26.416000,0 days 01:22:46.794000,0 days 01:23:16.631000,0 days 01:23:43.047000,228.0,276.0,275.0,299.0,False,MEDIUM,15.0,False,Red Bull Racing,0 days 01:22:13.791000,2023-10-08 17:23:13.796,1,1.0,False,,False,True,89.202,32.949,29.837,26.416
0 days 01:25:12.008000,VER,1,0 days 00:01:29.015000,13.0,1.0,,,0 days 00:00:32.728000,0 days 00:00:29.829000,0 days 00:00:26.458000,0 days 01:24:15.775000,0 days 01:24:45.604000,0 days 01:25:12.062000,230.0,277.0,274.0,300.0,True,MEDIUM,16.0,False,Red Bull Racing,0 days 01:23:42.993000,2023-10-08 17:24:42.998,1,1.0,False,,False,True,89.015,32.728,29.829,26.458
0 days 01:26:41.131000,VER,1,0 days 00:01:29.123000,14.0,1.0,,,0 days 00:00:32.952000,0 days 00:00:29.835000,0 days 00:00:26.336000,0 days 01:25:45.014000,0 days 01:26:14.849000,0 days 01:26:41.185000,226.0,275.0,275.0,301.0,False,MEDIUM,17.0,False,Red Bull Racing,0 days 01:25:12.008000,2023-10-08 17:26:12.013,1,1.0,False,,False,True,89.123,32.952,29.835,26.336
0 days 01:28:09.843000,VER,1,0 days 00:01:28.712000,15.0,1.0,,,0 days 00:00:32.868000,0 days 00:00:29.690000,0 days 00:00:26.154000,0 days 01:27:14.053000,0 days 01:27:43.743000,0 days 01:28:09.897000,231.0,277.0,275.0,300.0,True,MEDIUM,18.0,False,Red Bull Racing,0 days 01:26:41.131000,2023-10-08 17:27:41.136,1,1.0,False,,False,True,88.712,32.868,29.69,26.154
0 days 01:29:37.718000,VER,1,0 days 00:01:27.875000,16.0,1.0,,,0 days 00:00:32.519000,0 days 00:00:29.524000,0 days 00:00:25.832000,0 days 01:28:42.416000,0 days 01:29:11.940000,0 days 01:29:37.772000,229.0,277.0,275.0,300.0,True,MEDIUM,19.0,False,Red Bull Racing,0 days 01:28:09.843000,2023-10-08 17:29:09.848,1,1.0,False,,False,True,87.875,32.519,29.524,25.832
0 days 01:34:30.773000,VER,1,0 days 00:01:29.076000,19.0,2.0,,,0 days 00:00:32.859000,0 days 00:00:29.801000,0 days 00:00:26.416000,0 days 01:33:34.610000,0 days 01:34:04.411000,0 days 01:34:30.827000,227.0,272.0,276.0,295.0,False,MEDIUM,5.0,False,Red Bull Racing,0 days 01:33:01.697000,2023-10-08 17:34:01.702,1,1.0,False,,False,True,89.076,32.859,29.801,26.416
0 days 01:35:59.227000,VER,1,0 days 00:01:28.454000,20.0,2.0,,,0 days 00:00:32.658000,0 days 00:00:29.618000,0 days 00:00:26.178000,0 days 01:35:03.485000,0 days 01:35:33.103000,0 days 01:35:59.281000,229.0,274.0,275.0,298.0,False,MEDIUM,6.0,False,Red Bull Racing,0 days 01:34:30.773000,2023-10-08 17:35:30.778,1,1.0,False,,False,True,88.454,32.658,29.618,26.178
0 days 01:37:27.333000,VER,1,0 days 00:01:28.106000,21.0,2.0,,,0 days 00:00:32.545000,0 days 00:00:29.436000,0 days 00:00:26.125000,0 days 01:36:31.826000,0 days 01:37:01.262000,0 days 01:37:27.387000,233.0,277.0,276.0,299.0,False,MEDIUM,7.0,False,Red Bull Racing,0 days 01:35:59.227000,2023-10-08 17:36:59.232,1,1.0,False,,False,True,88.106,32.545,29.436,26.125
0 days 01:38:55.357000,VER,1,0 days 00:01:28.024000,22.0,2.0,,,0 days 00:00:32.535000,0 days 00:00:29.487000,0 days 00:00:26.002000,0 days 01:37:59.922000,0 days 01:38:29.409000,0 days 01:38:55.411000,230.0,280.0,276.0,302.0,False,MEDIUM,8.0,False,Red Bull Racing,0 days 01:37:27.333000,2023-10-08 17:38:27.338,1,1.0,False,,False,True,88.024,32.535,29.487,26.002
0 days 01:40:23.248000,VER,1,0 days 00:01:27.891000,23.0,2.0,,,0 days 00:00:32.390000,0 days 00:00:29.468000,0 days 00:00:26.033000,0 days 01:39:27.801000,0 days 01:39:57.269000,0 days 01:40:23.302000,233.0,280.0,276.0,302.0,False,MEDIUM,9.0,False,Red Bull Racing,0 days 01:38:55.357000,2023-10-08 17:39:55.362,1,1.0,False,,False,True,87.891,32.39,29.468,26.033
0 days 01:41:51.062000,VER,1,0 days 00:01:27.814000,24.0,2.0,,,0 days 00:00:32.439000,0 days 00:00:29.413000,0 days 00:00:25.962000,0 days 01:40:55.741000,0 days 01:41:25.154000,0 days 01:41:51.116000,232.0,277.0,276.0,303.0,True,MEDIUM,10.0,False,Red Bull Racing,0 days 01:40:23.248000,2023-10-08 17:41:23.253,1,1.0,False,,False,True,87.814,32.439,29.413,25.962
0 days 01:43:18.837000,VER,1,0 days 00:01:27.775000,25.0,2.0,,,0 days 00:00:32.404000,0 days 00:00:29.441000,0 days 00:00:25.930000,0 days 01:42:23.520000,0 days 01:42:52.961000,0 days 01:43:18.891000,234.0,278.0,276.0,302.0,True,MEDIUM,11.0,False,Red Bull Racing,0 days 01:41:51.062000,2023-10-08 17:42:51.067,1,1.0,False,,False,True,87.775,32.404,29.441,25.93
0 days 01:44:46.605000,VER,1,0 days 00:01:27.768000,26.0,2.0,,,0 days 00:00:32.340000,0 days 00:00:29.440000,0 days 00:00:25.988000,0 days 01:43:51.231000,0 days 01:44:20.671000,0 days 01:44:46.659000,231.0,280.0,277.0,303.0,True,MEDIUM,12.0,False,Red Bull Racing,0 days 01:43:18.837000,2023-10-08 17:44:18.842,1,1.0,False,,False,True,87.768,32.34,29.44,25.988
0 days 01:46:14.411000,VER,1,0 days 00:01:27.806000,27.0,2.0,,,0 days 00:00:32.408000,0 days 00:00:29.452000,0 days 00:00:25.946000,0 days 01:45:19.067000,0 days 01:45:48.519000,0 days 01:46:14.465000,232.0,280.0,277.0,303.0,False,MEDIUM,13.0,False,Red Bull Racing,0 days 01:44:46.605000,2023-10-08 17:45:46.610,1,1.0,False,,False,True,87.806,32.408,29.452,25.946
0 days 01:47:42.153000,VER,1,0 days 00:01:27.742000,28.0,2.0,,,0 days 00:00:32.298000,0 days 00:00:29.415000,0 days 00:00:26.029000,0 days 01:46:46.763000,0 days 01:47:16.178000,0 days 01:47:42.207000,233.0,280.0,276.0,303.0,True,MEDIUM,14.0,False,Red Bull Racing,0 days 01:46:14.411000,2023-10-08 17:47:14.416,1,1.0,False,,False,True,87.742,32.298,29.415,26.029
0 days 01:49:09.741000,VER,1,0 days 00:01:27.588000,29.0,2.0,,,0 days 00:00:32.262000,0 days 00:00:29.454000,0 days 00:00:25.872000,0 days 01:48:14.469000,0 days 01:48:43.923000,0 days 01:49:09.795000,232.0,280.0,277.0,304.0,True,MEDIUM,15.0,False,Red Bull Racing,0 days 01:47:42.153000,2023-10-08 17:48:42.158,1,1.0,False,,False,True,87.588,32.262,29.454,25.872
0 days 01:50:37.256000,VER,1,0 days 00:01:27.515000,30.0,2.0,,,0 days 00:00:32.270000,0 days 00:00:29.422000,0 days 00:00:25.823000,0 days 01:49:42.065000,0 days 01:50:11.487000,0 days 01:50:37.310000,230.0,277.0,277.0,305.0,True,MEDIUM,16.0,False,Red Bull Racing,0 days 01:49:09.741000,2023-10-08 17:50:09.746,1,1.0,False,,False,True,87.515,32.27,29.422,25.823
0 days 01:52:04.222000,VER,1,0 days 00:01:26.966000,31.0,2.0,,,0 days 00:00:31.988000,0 days 00:00:29.418000,0 days 00:00:25.560000,0 days 01:51:09.298000,0 days 01:51:38.716000,0 days 01:52:04.276000,233.0,278.0,278.0,304.0,True,MEDIUM,17.0,False,Red Bull Racing,0 days 01:50:37.256000,2023-10-08 17:51:37.261,1,1.0,False,,False,True,86.966,31.988,29.418,25.56
0 days 01:53:30.887000,VER,1,0 days 00:01:26.665000,32.0,2.0,,,0 days 00:00:31.867000,0 days 00:00:29.310000,0 days 00:00:25.488000,0 days 01:52:36.143000,0 days 01:53:05.453000,0 days 01:53:30.941000,235.0,278.0,277.0,304.0,True,MEDIUM,18.0,False,Red Bull Racing,0 days 01:52:04.222000,2023-10-08 17:53:04.227,1,1.0,False,,False,True,86.665,31.867,29.31,25.488
0 days 01:59:44.562000,VER,1,0 days 00:01:26.255000,36.0,3.0,,,0 days 00:00:31.836000,0 days 00:00:28.984000,0 days 00:00:25.435000,0 days 01:58:50.197000,0 days 01:59:19.181000,0 days 01:59:44.616000,238.0,276.0,278.0,298.0,True,HARD,2.0,True,Red Bull Racing,0 days 01:58:18.307000,2023-10-08 17:59:18.312,1,1.0,False,,False,True,86.255,31.836,28.984,25.435
0 days 02:01:10.643000,VER,1,0 days 00:01:26.081000,37.0,3.0,,,0 days 00:00:31.873000,0 days 00:00:28.959000,0 days 00:00:25.249000,0 days 02:00:16.489000,0 days 02:00:45.448000,0 days 02:01:10.697000,236.0,276.0,278.0,299.0,True,HARD,3.0,True,Red Bull Racing,0 days 01:59:44.562000,2023-10-08 18:00:44.567,1,1.0,False,,False,True,86.081,31.873,28.959,25.249
0 days 02:02:36.478000,VER,1,0 days 00:01:25.835000,38.0,3.0,,,0 days 00:00:31.562000,0 days 00:00:28.875000,0 days 00:00:25.398000,0 days 02:01:42.259000,0 days 02:02:11.134000,0 days 02:02:36.532000,239.0,276.0,278.0,300.0,True,HARD,4.0,True,Red Bull Racing,0 days 02:01:10.643000,2023-10-08 18:02:10.648,1,1.0,False,,False,True,85.835,31.562,28.875,25.398
0 days 02:04:02.293000,VER,1,0 days 00:01:25.815000,39.0,3.0,,,0 days 00:00:31.557000,0 days 00:00:28.983000,0 days 00:00:25.275000,0 days 02:03:08.089000,0 days 02:03:37.072000,0 days 02:04:02.347000,238.0,276.0,278.0,302.0,True,HARD,5.0,True,Red Bull Racing,0 days 02:02:36.478000,2023-10-08 18:03:36.483,1,1.0,False,,False,True,85.815,31.557,28.983,25.275
0 days 02:05:27.986000,VER,1,0 days 00:01:25.693000,40.0,3.0,,,0 days 00:00:31.534000,0 days 00:00:28.911000,0 days 00:00:25.248000,0 days 02:04:33.881000,0 days 02:05:02.792000,0 days 02:05:28.040000,238.0,278.0,279.0,301.0,True,HARD,6.0,True,Red Bull Racing,0 days 02:04:02.293000,2023-10-08 18:05:02.298,1,1.0,False,,False,True,85.693,31.534,28.911,25.248
0 days 02:08:19.674000,VER,1,0 days 00:01:25.827000,42.0,3.0,,,0 days 00:00:31.653000,0 days 00:00:28.967000,0 days 00:00:25.207000,0 days 02:07:25.554000,0 days 02:07:54.521000,0 days 02:08:19.728000,236.0,277.0,281.0,304.0,False,HARD,8.0,True,Red Bull Racing,0 days 02:06:53.847000,2023-10-08 18:07:53.852,1,1.0,False,,False,True,85.827,31.653,28.967,25.207
0 days 02:09:45.554000,VER,1,0 days 00:01:25.880000,43.0,3.0,,,0 days 00:00:31.679000,0 days 00:00:29.108000,0 days 00:00:25.093000,0 days 02:08:51.407000,0 days 02:09:20.515000,0 days 02:09:45.608000,237.0,276.0,280.0,305.0,False,HARD,9.0,True,Red Bull Racing,0 days 02:08:19.674000,2023-10-08 18:09:19.679,1,1.0,False,,False,True,85.88,31.679,29.108,25.093
0 days 02:11:11.029000,VER,1,0 days 00:01:25.475000,44.0,3.0,,,0 days 00:00:31.560000,0 days 00:00:28.895000,0 days 00:00:25.020000,0 days 02:10:17.168000,0 days 02:10:46.063000,0 days 02:11:11.083000,236.0,277.0,280.0,298.0,True,HARD,10.0,True,Red Bull Racing,0 days 02:09:45.554000,2023-10-08 18:10:45.559,1,1.0,False,,False,True,85.475,31.56,28.895,25.02
0 days 02:12:36.650000,VER,1,0 days 00:01:25.621000,45.0,3.0,,,0 days 00:00:31.598000,0 days 00:00:28.991000,0 days 00:00:25.032000,0 days 02:11:42.681000,0 days 02:12:11.672000,0 days 02:12:36.704000,238.0,278.0,282.0,301.0,False,HARD,11.0,True,Red Bull Racing,0 days 02:11:11.029000,2023-10-08 18:12:11.034,1,1.0,False,,False,True,85.621,31.598,28.991,25.032
0 days 02:14:02.639000,VER,1,0 days 00:01:25.989000,46.0,3.0,,,0 days 00:00:31.670000,0 days 00:00:29.229000,0 days 00:00:25.090000,0 days 02:13:08.374000,0 days 02:13:37.603000,0 days 02:14:02.693000,236.0,277.0,280.0,307.0,False,HARD,12.0,True,Red Bull Racing,0 days 02:12:36.650000,2023-10-08 18:13:36.655,1,1.0,False,,False,True,85.989,31.67,29.229,25.09
0 days 02:15:28.608000,VER,1,0 days 00:01:25.969000,47.0,3.0,,,0 days 00:00:31.582000,0 days 00:00:29.136000,0 days 00:00:25.251000,0 days 02:14:34.275000,0 days 02:15:03.411000,0 days 02:15:28.662000,237.0,278.0,281.0,307.0,False,HARD,13.0,True,Red Bull Racing,0 days 02:14:02.639000,2023-10-08 18:15:02.644,1,1.0,False,,False,True,85.969,31.582,29.136,25.251
0 days 02:16:54.824000,VER,1,0 days 00:01:26.216000,48.0,3.0,,,0 days 00:00:31.675000,0 days 00:00:29.248000,0 days 00:00:25.293000,0 days 02:16:00.337000,0 days 02:16:29.585000,0 days 02:16:54.878000,235.0,278.0,281.0,309.0,False,HARD,14.0,True,Red Bull Racing,0 days 02:15:28.608000,2023-10-08 18:16:28.613,1,1.0,False,,False,True,86.216,31.675,29.248,25.293
0 days 02:18:20.801000,VER,1,0 days 00:01:25.977000,49.0,3.0,,,0 days 00:00:31.637000,0 days 00:00:29.090000,0 days 00:00:25.250000,0 days 02:17:26.515000,0 days 02:17:55.605000,0 days 02:18:20.855000,235.0,278.0,281.0,305.0,False,HARD,15.0,True,Red Bull Racing,0 days 02:16:54.824000,2023-10-08 18:17:54.829,1,1.0,False,,False,True,85.977,31.637,29.09,25.25
0 days 02:19:46.816000,VER,1,0 days 00:01:26.015000,50.0,3.0,,,0 days 00:00:31.705000,0 days 00:00:29.125000,0 days 00:00:25.185000,0 days 02:18:52.560000,0 days 02:19:21.685000,0 days 02:19:46.870000,238.0,283.0,282.0,305.0,False,HARD,16.0,True,Red Bull Racing,0 days 02:18:20.801000,2023-10-08 18:19:20.806,1,1.0,False,,False,True,86.015,31.705,29.125,25.185
0 days 02:24:32.774000,VER,1,0 days 00:01:25.291000,53.0,4.0,,,0 days 00:00:31.418000,0 days 00:00:28.708000,0 days 00:00:25.165000,0 days 02:23:38.955000,0 days 02:24:07.663000,0 days 02:24:32.828000,240.0,279.0,280.0,305.0,True,MEDIUM,2.0,True,Red Bull Racing,0 days 02:23:07.483000,2023-10-08 18:24:07.488,1,1.0,False,,False,True,85.291,31.418,28.708,25.165
0 days 02:25:57.811000,VER,1,0 days 00:01:25.037000,54.0,4.0,,,0 days 00:00:31.310000,0 days 00:00:28.662000,0 days 00:00:25.065000,0 days 02:25:04.138000,0 days 02:25:32.800000,0 days 02:25:57.865000,242.0,281.0,280.0,304.0,True,MEDIUM,3.0,True,Red Bull Racing,0 days 02:24:32.774000,2023-10-08 18:25:32.779,1,1.0,False,,False,True,85.037,31.31,28.662,25.065
0 days 02:27:23.034000,VER,1,0 days 00:01:25.223000,55.0,4.0,,,0 days 00:00:31.517000,0 days 00:00:28.772000,0 days 00:00:24.934000,0 days 02:26:29.382000,0 days 02:26:58.154000,0 days 02:27:23.088000,242.0,281.0,288.0,308.0,False,MEDIUM,4.0,True,Red Bull Racing,0 days 02:25:57.811000,2023-10-08 18:26:57.816,1,1.0,False,,False,True,85.223,31.517,28.772,24.934
0 days 02:28:47.353000,VER,1,0 days 00:01:24.319000,56.0,4.0,,,0 days 00:00:30.765000,0 days 00:00:28.669000,0 days 00:00:24.885000,0 days 02:27:53.853000,0 days 02:28:22.522000,0 days 02:28:47.407000,243.0,282.0,281.0,327.0,True,MEDIUM,5.0,True,Red Bull Racing,0 days 02:27:23.034000,2023-10-08 18:28:23.039,1,1.0,False,,False,True,84.319,30.765,28.669,24.885
0 days 02:30:13.156000,VER,1,0 days 00:01:25.803000,57.0,4.0,,,0 days 00:00:31.701000,0 days 00:00:28.960000,0 days 00:00:25.142000,0 days 02:29:19.108000,0 days 02:29:48.068000,0 days 02:30:13.210000,237.0,281.0,279.0,307.0,False,MEDIUM,6.0,True,Red Bull Racing,0 days 02:28:47.353000,2023-10-08 18:29:47.358,1,1.0,False,,False,True,85.803,31.701,28.96,25.142
0 days 01:13:19.060000,PIA,81,0 days 00:01:30.471000,5.0,1.0,,,0 days 00:00:33.509000,0 days 00:00:30.309000,0 days 00:00:26.653000,0 days 01:12:22.136000,0 days 01:12:52.445000,0 days 01:13:19.098000,230.0,276.0,275.0,303.0,True,MEDIUM,11.0,False,McLaren,0 days 01:11:48.589000,2023-10-08 17:12:48.594,1,2.0,False,,False,True,90.471,33.509,30.309,26.653
0 days 01:14:48.388000,PIA,81,0 days 00:01:29.328000,6.0,1.0,,,0 days 00:00:32.997000,0 days 00:00:29.909000,0 days 00:00:26.422000,0 days 01:13:52.095000,0 days 01:14:22.004000,0 days 01:14:48.426000,230.0,276.0,276.0,303.0,True,MEDIUM,12.0,False,McLaren,0 days 01:13:19.060000,2023-10-08 17:14:19.065,1,2.0,False,,False,True,89.328,32.997,29.909,26.422
0 days 01:16:17.944000,PIA,81,0 days 00:01:29.556000,7.0,1.0,,,0 days 00:00:32.795000,0 days 00:00:30.061000,0 days 00:00:26.700000,0 days 01:15:21.221000,0 days 01:15:51.282000,0 days 01:16:17.982000,233.0,276.0,275.0,306.0,False,MEDIUM,13.0,False,McLaren,0 days 01:14:48.388000,2023-10-08 17:15:48.393,1,2.0,False,,False,True,89.556,32.795,30.061,26.7
0 days 01:17:47.791000,PIA,81,0 days 00:01:29.847000,8.0,1.0,,,0 days 00:00:32.790000,0 days 00:00:30.461000,0 days 00:00:26.596000,0 days 01:16:50.772000,0 days 01:17:21.233000,0 days 01:17:47.829000,231.0,274.0,275.0,306.0,False,MEDIUM,14.0,False,McLaren,0 days 01:16:17.944000,2023-10-08 17:17:17.949,1,2.0,False,,False,True,89.847,32.79,30.461,26.596
0 days 01:19:17.341000,PIA,81,0 days 00:01:29.550000,9.0,1.0,,,0 days 00:00:32.920000,0 days 00:00:30.171000,0 days 00:00:26.459000,0 days 01:18:20.749000,0 days 01:18:50.920000,0 days 01:19:17.379000,231.0,275.0,275.0,296.0,False,MEDIUM,15.0,False,McLaren,0 days 01:17:47.791000,2023-10-08 17:18:47.796,1,2.0,False,,False,True,89.55,32.92,30.171,26.459
0 days 01:20:46.863000,PIA,81,0 days 00:01:29.522000,10.0,1.0,,,0 days 00:00:32.854000,0 days 00:00:30.182000,0 days 00:00:26.486000,0 days 01:19:50.233000,0 days 01:20:20.415000,0 days 01:20:46.901000,231.0,276.0,275.0,305.0,False,MEDIUM,16.0,False,McLaren,0 days 01:19:17.341000,2023-10-08 17:20:17.346,1,2.0,False,,False,True,89.522,32.854,30.182,26.486
0 days 01:22:16.746000,PIA,81,0 days 00:01:29.883000,11.0,1.0,,,0 days 00:00:33.010000,0 days 00:00:30.259000,0 days 00:00:26.614000,0 days 01:21:19.911000,0 days 01:21:50.170000,0 days 01:22:16.784000,231.0,276.0,275.0,306.0,False,MEDIUM,17.0,False,McLaren,0 days 01:20:46.863000,2023-10-08 17:21:46.868,1,2.0,False,,False,True,89.883,33.01,30.259,26.614
0 days 01:27:14.477000,PIA,81,0 days 00:01:30.272000,14.0,2.0,,,0 days 00:00:32.986000,0 days 00:00:30.532000,0 days 00:00:26.754000,0 days 01:26:17.229000,0 days 01:26:47.761000,0 days 01:27:14.515000,223.0,277.0,287.0,326.0,False,MEDIUM,9.0,False,McLaren,0 days 01:25:44.205000,2023-10-08 17:26:44.210,1,9.0,False,,False,True,90.272,32.986,30.532,26.754
0 days 01:28:43.154000,PIA,81,0 days 00:01:28.677000,15.0,2.0,,,0 days 00:00:32.310000,0 days 00:00:30.071000,0 days 00:00:26.296000,0 days 01:27:46.825000,0 days 01:28:16.896000,0 days 01:28:43.192000,231.0,274.0,277.0,321.0,True,MEDIUM,10.0,False,McLaren,0 days 01:27:14.477000,2023-10-08 17:28:14.482,1,7.0,False,,False,True,88.677,32.31,30.071,26.296
0 days 01:31:41.262000,PIA,81,0 days 00:01:29.008000,17.0,2.0,,,0 days 00:00:32.642000,0 days 00:00:30.034000,0 days 00:00:26.332000,0 days 01:30:44.934000,0 days 01:31:14.968000,0 days 01:31:41.300000,228.0,276.0,285.0,333.0,False,MEDIUM,12.0,False,McLaren,0 days 01:30:12.254000,2023-10-08 17:31:12.259,1,6.0,False,,False,True,89.008,32.642,30.034,26.332
0 days 01:33:09.884000,PIA,81,0 days 00:01:28.622000,18.0,2.0,,,0 days 00:00:32.415000,0 days 00:00:29.941000,0 days 00:00:26.266000,0 days 01:32:13.715000,0 days 01:32:43.656000,0 days 01:33:09.922000,231.0,275.0,275.0,327.0,True,MEDIUM,13.0,False,McLaren,0 days 01:31:41.262000,2023-10-08 17:32:41.267,1,3.0,False,,False,True,88.622,32.415,29.941,26.266
0 days 01:34:38.472000,PIA,81,0 days 00:01:28.588000,19.0,2.0,,,0 days 00:00:32.537000,0 days 00:00:29.843000,0 days 00:00:26.208000,0 days 01:33:42.459000,0 days 01:34:12.302000,0 days 01:34:38.510000,234.0,275.0,276.0,299.0,True,MEDIUM,14.0,False,McLaren,0 days 01:33:09.884000,2023-10-08 17:34:09.889,1,2.0,False,,False,True,88.588,32.537,29.843,26.208
0 days 01:36:06.678000,PIA,81,0 days 00:01:28.206000,20.0,2.0,,,0 days 00:00:32.390000,0 days 00:00:29.813000,0 days 00:00:26.003000,0 days 01:35:10.900000,0 days 01:35:40.713000,0 days 01:36:06.716000,235.0,275.0,276.0,303.0,True,MEDIUM,15.0,False,McLaren,0 days 01:34:38.472000,2023-10-08 17:35:38.477,1,2.0,False,,False,True,88.206,32.39,29.813,26.003
0 days 01:40:31.360000,PIA,81,0 days 00:01:28.184000,23.0,2.0,,,0 days 00:00:32.394000,0 days 00:00:29.755000,0 days 00:00:26.035000,0 days 01:39:35.608000,0 days 01:40:05.363000,0 days 01:40:31.398000,236.0,277.0,276.0,304.0,True,MEDIUM,18.0,False,McLaren,0 days 01:39:03.176000,2023-10-08 17:40:03.181,1,2.0,False,,False,True,88.184,32.394,29.755,26.035
0 days 01:41:59.286000,PIA,81,0 days 00:01:27.926000,24.0,2.0,,,0 days 00:00:32.291000,0 days 00:00:29.681000,0 days 00:00:25.954000,0 days 01:41:03.689000,0 days 01:41:33.370000,0 days 01:41:59.324000,233.0,277.0,275.0,305.0,True,MEDIUM,19.0,False,McLaren,0 days 01:40:31.360000,2023-10-08 17:41:31.365,1,2.0,False,,False,True,87.926,32.291,29.681,25.954
0 days 01:46:49.989000,PIA,81,0 days 00:01:27.359000,27.0,3.0,,,0 days 00:00:32.295000,0 days 00:00:29.446000,0 days 00:00:25.618000,0 days 01:45:54.963000,0 days 01:46:24.409000,0 days 01:46:50.027000,236.0,279.0,287.0,308.0,True,MEDIUM,2.0,True,McLaren,0 days 01:45:22.630000,2023-10-08 17:46:22.635,1,6.0,False,,False,True,87.359,32.295,29.446,25.618
0 days 01:48:18.124000,PIA,81,0 days 00:01:28.135000,28.0,3.0,,,0 days 00:00:32.013000,0 days 00:00:30.443000,0 days 00:00:25.679000,0 days 01:47:22.040000,0 days 01:47:52.483000,0 days 01:48:18.162000,236.0,277.0,288.0,328.0,False,MEDIUM,3.0,True,McLaren,0 days 01:46:49.989000,2023-10-08 17:47:49.994,1,5.0,False,,False,True,88.135,32.013,30.443,25.679
0 days 01:49:45.168000,PIA,81,0 days 00:01:27.044000,29.0,3.0,,,0 days 00:00:31.844000,0 days 00:00:29.463000,0 days 00:00:25.737000,0 days 01:48:50.006000,0 days 01:49:19.469000,0 days 01:49:45.206000,236.0,277.0,277.0,331.0,True,MEDIUM,4.0,True,McLaren,0 days 01:48:18.124000,2023-10-08 17:49:18.129,1,4.0,False,,False,True,87.044,31.844,29.463,25.737
0 days 01:51:12.211000,PIA,81,0 days 00:01:27.043000,30.0,3.0,,,0 days 00:00:32.016000,0 days 00:00:29.480000,0 days 00:00:25.547000,0 days 01:50:17.222000,0 days 01:50:46.702000,0 days 01:51:12.249000,236.0,279.0,278.0,306.0,True,MEDIUM,5.0,True,McLaren,0 days 01:49:45.168000,2023-10-08 17:50:45.173,1,4.0,False,,False,True,87.043,32.016,29.48,25.547
0 days 01:52:39.004000,PIA,81,0 days 00:01:26.793000,31.0,3.0,,,0 days 00:00:31.974000,0 days 00:00:29.304000,0 days 00:00:25.515000,0 days 01:51:44.223000,0 days 01:52:13.527000,0 days 01:52:39.042000,238.0,277.0,277.0,306.0,True,MEDIUM,6.0,True,McLaren,0 days 01:51:12.211000,2023-10-08 17:52:12.216,1,3.0,False,,False,True,86.793,31.974,29.304,25.515
0 days 01:54:05.312000,PIA,81,0 days 00:01:26.308000,32.0,3.0,,,0 days 00:00:31.827000,0 days 00:00:29.112000,0 days 00:00:25.369000,0 days 01:53:10.869000,0 days 01:53:39.981000,0 days 01:54:05.350000,240.0,278.0,277.0,304.0,True,MEDIUM,7.0,True,McLaren,0 days 01:52:39.004000,2023-10-08 17:53:39.009,1,3.0,False,,False,True,86.308,31.827,29.112,25.369
0 days 01:56:57.840000,PIA,81,0 days 00:01:26.245000,34.0,3.0,,,0 days 00:00:31.813000,0 days 00:00:29.112000,0 days 00:00:25.320000,0 days 01:56:03.446000,0 days 01:56:32.558000,0 days 01:56:57.878000,240.0,278.0,277.0,304.0,True,MEDIUM,9.0,True,McLaren,0 days 01:55:31.595000,2023-10-08 17:56:31.600,1,2.0,False,,False,True,86.245,31.813,29.112,25.32
0 days 01:58:24.143000,PIA,81,0 days 00:01:26.303000,35.0,3.0,,,0 days 00:00:31.690000,0 days 00:00:29.279000,0 days 00:00:25.334000,0 days 01:57:29.568000,0 days 01:57:58.847000,0 days 01:58:24.181000,238.0,278.0,278.0,304.0,False,MEDIUM,10.0,True,McLaren,0 days 01:56:57.840000,2023-10-08 17:57:57.845,1,2.0,False,,False,True,86.303,31.69,29.279,25.334
0 days 01:59:50.692000,PIA,81,0 days 00:01:26.549000,36.0,3.0,,,0 days 00:00:31.742000,0 days 00:00:29.354000,0 days 00:00:25.453000,0 days 01:58:55.923000,0 days 01:59:25.277000,0 days 01:59:50.730000,239.0,277.0,277.0,306.0,False,MEDIUM,11.0,True,McLaren,0 days 01:58:24.143000,2023-10-08 17:59:24.148,1,2.0,False,,False,True,86.549,31.742,29.354,25.453
0 days 02:01:17.153000,PIA,81,0 days 00:01:26.461000,37.0,3.0,,,0 days 00:00:31.820000,0 days 00:00:29.285000,0 days 00:00:25.356000,0 days 02:00:22.550000,0 days 02:00:51.835000,0 days 02:01:17.191000,239.0,278.0,278.0,305.0,False,MEDIUM,12.0,True,McLaren,0 days 01:59:50.692000,2023-10-08 18:00:50.697,1,2.0,False,,False,True,86.461,31.82,29.285,25.356
0 days 02:02:43.573000,PIA,81,0 days 00:01:26.420000,38.0,3.0,,,0 days 00:00:31.733000,0 days 00:00:29.346000,0 days 00:00:25.341000,0 days 02:01:48.924000,0 days 02:02:18.270000,0 days 02:02:43.611000,238.0,278.0,278.0,306.0,False,MEDIUM,13.0,True,McLaren,0 days 02:01:17.153000,2023-10-08 18:02:17.158,1,2.0,False,,False,True,86.42,31.733,29.346,25.341
0 days 02:04:09.885000,PIA,81,0 days 00:01:26.312000,39.0,3.0,,,0 days 00:00:31.670000,0 days 00:00:29.314000,0 days 00:00:25.328000,0 days 02:03:15.281000,0 days 02:03:44.595000,0 days 02:04:09.923000,238.0,277.0,279.0,306.0,False,MEDIUM,14.0,True,McLaren,0 days 02:02:43.573000,2023-10-08 18:03:43.578,1,2.0,False,,False,True,86.312,31.67,29.314,25.328
0 days 02:05:36.119000,PIA,81,0 days 00:01:26.234000,40.0,3.0,,,0 days 00:00:31.675000,0 days 00:00:29.287000,0 days 00:00:25.272000,0 days 02:04:41.598000,0 days 02:05:10.885000,0 days 02:05:36.157000,238.0,279.0,279.0,307.0,True,MEDIUM,15.0,True,McLaren,0 days 02:04:09.885000,2023-10-08 18:05:09.890,1,2.0,False,,False,True,86.234,31.675,29.287,25.272
0 days 02:08:29.954000,PIA,81,0 days 00:01:26.876000,42.0,3.0,,,0 days 00:00:31.739000,0 days 00:00:29.745000,0 days 00:00:25.392000,0 days 02:07:34.855000,0 days 02:08:04.600000,0 days 02:08:29.992000,239.0,277.0,279.0,309.0,False,MEDIUM,17.0,True,McLaren,0 days 02:07:03.078000,2023-10-08 18:08:03.083,1,2.0,False,,False,True,86.876,31.739,29.745,25.392
0 days 02:13:14.609000,PIA,81,0 days 00:01:25.353000,45.0,4.0,,,0 days 00:00:31.497000,0 days 00:00:28.815000,0 days 00:00:25.041000,0 days 02:12:20.791000,0 days 02:12:49.606000,0 days 02:13:14.647000,236.0,276.0,279.0,304.0,True,HARD,2.0,True,McLaren,0 days 02:11:49.256000,2023-10-08 18:12:49.261,1,3.0,False,,False,True,85.353,31.497,28.815,25.041
0 days 02:14:39.943000,PIA,81,0 days 00:01:25.334000,46.0,4.0,,,0 days 00:00:31.560000,0 days 00:00:28.709000,0 days 00:00:25.065000,0 days 02:13:46.207000,0 days 02:14:14.916000,0 days 02:14:39.981000,241.0,279.0,280.0,306.0,True,HARD,3.0,True,McLaren,0 days 02:13:14.609000,2023-10-08 18:14:14.614,1,3.0,False,,False,True,85.334,31.56,28.709,25.065
0 days 02:16:05.179000,PIA,81,0 days 00:01:25.236000,47.0,4.0,,,0 days 00:00:31.369000,0 days 00:00:28.843000,0 days 00:00:25.024000,0 days 02:15:11.350000,0 days 02:15:40.193000,0 days 02:16:05.217000,240.0,279.0,280.0,306.0,True,HARD,4.0,True,McLaren,0 days 02:14:39.943000,2023-10-08 18:15:39.948,1,3.0,False,,False,True,85.236,31.369,28.843,25.024
0 days 02:17:30.100000,PIA,81,0 days 00:01:24.921000,48.0,4.0,,,0 days 00:00:31.204000,0 days 00:00:28.739000,0 days 00:00:24.978000,0 days 02:16:36.421000,0 days 02:17:05.160000,0 days 02:17:30.138000,241.0,280.0,280.0,307.0,True,HARD,5.0,True,McLaren,0 days 02:16:05.179000,2023-10-08 18:17:05.184,1,3.0,False,,False,True,84.921,31.204,28.739,24.978
0 days 02:18:55.198000,PIA,81,0 days 00:01:25.098000,49.0,4.0,,,0 days 00:00:31.249000,0 days 00:00:28.856000,0 days 00:00:24.993000,0 days 02:18:01.387000,0 days 02:18:30.243000,0 days 02:18:55.236000,243.0,279.0,282.0,308.0,False,HARD,6.0,True,McLaren,0 days 02:17:30.100000,2023-10-08 18:18:30.105,1,3.0,False,,False,True,85.098,31.249,28.856,24.993
0 days 02:20:20.538000,PIA,81,0 days 00:01:25.340000,50.0,4.0,,,0 days 00:00:31.641000,0 days 00:00:28.736000,0 days 00:00:24.963000,0 days 02:19:26.877000,0 days 02:19:55.613000,0 days 02:20:20.576000,241.0,280.0,281.0,311.0,False,HARD,7.0,True,McLaren,0 days 02:18:55.198000,2023-10-08 18:19:55.203,1,3.0,False,,False,True,85.34,31.641,28.736,24.963
0 days 02:21:45.864000,PIA,81,0 days 00:01:25.326000,51.0,4.0,,,0 days 00:00:31.297000,0 days 00:00:28.955000,0 days 00:00:25.074000,0 days 02:20:51.873000,0 days 02:21:20.828000,0 days 02:21:45.902000,241.0,279.0,281.0,309.0,False,HARD,8.0,True,McLaren,0 days 02:20:20.538000,2023-10-08 18:21:20.543,1,2.0,False,,False,True,85.326,31.297,28.955,25.074
0 days 02:23:11.372000,PIA,81,0 days 00:01:25.508000,52.0,4.0,,,0 days 00:00:31.432000,0 days 00:00:29.056000,0 days 00:00:25.020000,0 days 02:22:17.334000,0 days 02:22:46.390000,0 days 02:23:11.410000,240.0,280.0,283.0,309.0,False,HARD,9.0,True,McLaren,0 days 02:21:45.864000,2023-10-08 18:22:45.869,1,2.0,False,,False,True,85.508,31.432,29.056,25.02
0 days 02:24:36.610000,PIA,81,0 days 00:01:25.238000,53.0,4.0,,,0 days 00:00:31.303000,0 days 00:00:28.890000,0 days 00:00:25.045000,0 days 02:23:42.713000,0 days 02:24:11.603000,0 days 02:24:36.648000,241.0,281.0,280.0,311.0,False,HARD,10.0,True,McLaren,0 days 02:23:11.372000,2023-10-08 18:24:11.377,1,2.0,False,,False,True,85.238,31.303,28.89,25.045
0 days 02:26:01.827000,PIA,81,0 days 00:01:25.217000,54.0,4.0,,,0 days 00:00:31.292000,0 days 00:00:28.952000,0 days 00:00:24.973000,0 days 02:25:07.940000,0 days 02:25:36.892000,0 days 02:26:01.865000,240.0,280.0,280.0,309.0,False,HARD,11.0,True,McLaren,0 days 02:24:36.610000,2023-10-08 18:25:36.615,1,2.0,False,,False,True,85.217,31.292,28.952,24.973
0 days 02:27:27.194000,PIA,81,0 days 00:01:25.367000,55.0,4.0,,,0 days 00:00:31.406000,0 days 00:00:28.988000,0 days 00:00:24.973000,0 days 02:26:33.271000,0 days 02:27:02.259000,0 days 02:27:27.232000,243.0,279.0,282.0,308.0,False,HARD,12.0,True,McLaren,0 days 02:26:01.827000,2023-10-08 18:27:01.832,1,2.0,False,,False,True,85.367,31.406,28.988,24.973
0 days 02:28:52.729000,PIA,81,0 days 00:01:25.535000,56.0,4.0,,,0 days 00:00:31.366000,0 days 00:00:29.037000,0 days 00:00:25.132000,0 days 02:27:58.598000,0 days 02:28:27.635000,0 days 02:28:52.767000,237.0,279.0,282.0,310.0,False,HARD,13.0,True,McLaren,0 days 02:27:27.194000,2023-10-08 18:28:27.199,1,2.0,False,,False,True,85.535,31.366,29.037,25.132
0 days 02:30:18,PIA,81,0 days 00:01:25.271000,57.0,4.0,,,0 days 00:00:31.560000,0 days 00:00:28.812000,0 days 00:00:24.899000,0 days 02:29:24.327000,0 days 02:29:53.139000,0 days 02:30:18.038000,241.0,281.0,281.0,311.0,False,HARD,14.0,True,McLaren,0 days 02:28:52.729000,2023-10-08 18:29:52.734,1,2.0,False,,False,True,85.271,31.56,28.812,24.899
0 days 01:13:22.601000,NOR,4,0 days 00:01:32.229000,5.0,1.0,,,0 days 00:00:34.169000,0 days 00:00:30.921000,0 days 00:00:27.139000,0 days 01:12:24.569000,0 days 01:12:55.490000,0 days 01:13:22.629000,229.0,276.0,276.0,301.0,True,MEDIUM,12.0,False,McLaren,0 days 01:11:50.372000,2023-10-08 17:12:50.377,1,6.0,False,,False,True,92.229,34.169,30.921,27.139
0 days 01:14:53.700000,NOR,4,0 days 00:01:31.099000,6.0,1.0,,,0 days 00:00:33.631000,0 days 00:00:30.629000,0 days 00:00:26.839000,0 days 01:13:56.260000,0 days 01:14:26.889000,0 days 01:14:53.728000,227.0,274.0,276.0,307.0,True,MEDIUM,13.0,False,McLaren,0 days 01:13:22.601000,2023-10-08 17:14:22.606,1,6.0,False,,False,True,91.099,33.631,30.629,26.839
0 days 01:16:24.084000,NOR,4,0 days 00:01:30.384000,7.0,1.0,,,0 days 00:00:33.169000,0 days 00:00:30.417000,0 days 00:00:26.798000,0 days 01:15:26.897000,0 days 01:15:57.314000,0 days 01:16:24.112000,227.0,274.0,276.0,306.0,True,MEDIUM,14.0,False,McLaren,0 days 01:14:53.700000,2023-10-08 17:15:53.705,1,6.0,False,,False,True,90.384,33.169,30.417,26.798
0 days 01:17:54.346000,NOR,4,0 days 00:01:30.262000,8.0,1.0,,,0 days 00:00:33.143000,0 days 00:00:30.512000,0 days 00:00:26.607000,0 days 01:16:57.255000,0 days 01:17:27.767000,0 days 01:17:54.374000,225.0,274.0,276.0,307.0,True,MEDIUM,15.0,False,McLaren,0 days 01:16:24.084000,2023-10-08 17:17:24.089,1,6.0,False,,False,True,90.262,33.143,30.512,26.607
0 days 01:19:24.386000,NOR,4,0 days 00:01:30.040000,9.0,1.0,,,0 days 00:00:33.079000,0 days 00:00:30.359000,0 days 00:00:26.602000,0 days 01:18:27.453000,0 days 01:18:57.812000,0 days 01:19:24.414000,228.0,275.0,282.0,308.0,True,MEDIUM,16.0,False,McLaren,0 days 01:17:54.346000,2023-10-08 17:18:54.351,1,6.0,False,,False,True,90.04,33.079,30.359,26.602
0 days 01:20:54.496000,NOR,4,0 days 00:01:30.110000,10.0,1.0,,,0 days 00:00:33.127000,0 days 00:00:30.491000,0 days 00:00:26.492000,0 days 01:19:57.541000,0 days 01:20:28.032000,0 days 01:20:54.524000,228.0,275.0,275.0,325.0,False,MEDIUM,17.0,False,McLaren,0 days 01:19:24.386000,2023-10-08 17:20:24.391,1,5.0,False,,False,True,90.11,33.127,30.491,26.492
0 days 01:22:23.892000,NOR,4,0 days 00:01:29.396000,11.0,1.0,,,0 days 00:00:32.973000,0 days 00:00:30.272000,0 days 00:00:26.151000,0 days 01:21:27.497000,0 days 01:21:57.769000,0 days 01:22:23.920000,229.0,274.0,276.0,305.0,True,MEDIUM,18.0,False,McLaren,0 days 01:20:54.496000,2023-10-08 17:21:54.501,1,5.0,False,,False,True,89.396,32.973,30.272,26.151
0 days 01:23:53.087000,NOR,4,0 days 00:01:29.195000,12.0,1.0,,,0 days 00:00:32.820000,0 days 00:00:30.112000,0 days 00:00:26.263000,0 days 01:22:56.740000,0 days 01:23:26.852000,0 days 01:23:53.115000,230.0,274.0,273.0,306.0,True,MEDIUM,19.0,False,McLaren,0 days 01:22:23.892000,2023-10-08 17:23:23.897,1,3.0,False,,False,True,89.195,32.82,30.112,26.263
0 days 01:28:47.826000,NOR,4,0 days 00:01:29.171000,15.0,2.0,,,0 days 00:00:32.618000,0 days 00:00:30.022000,0 days 00:00:26.531000,0 days 01:27:51.301000,0 days 01:28:21.323000,0 days 01:28:47.854000,230.0,277.0,288.0,301.0,True,MEDIUM,8.0,False,McLaren,0 days 01:27:18.655000,2023-10-08 17:28:18.660,1,12.0,False,,False,True,89.171,32.618,30.022,26.531
0 days 01:30:17.673000,NOR,4,0 days 00:01:29.847000,16.0,2.0,,,0 days 00:00:32.921000,0 days 00:00:30.281000,0 days 00:00:26.645000,0 days 01:29:20.775000,0 days 01:29:51.056000,0 days 01:30:17.701000,227.0,279.0,289.0,332.0,False,MEDIUM,9.0,False,McLaren,0 days 01:28:47.826000,2023-10-08 17:29:47.831,1,11.0,False,,False,True,89.847,32.921,30.281,26.645
0 days 01:31:46.590000,NOR,4,0 days 00:01:28.917000,17.0,2.0,,,0 days 00:00:32.905000,0 days 00:00:30.002000,0 days 00:00:26.010000,0 days 01:30:50.606000,0 days 01:31:20.608000,0 days 01:31:46.618000,227.0,276.0,287.0,326.0,True,MEDIUM,10.0,False,McLaren,0 days 01:30:17.673000,2023-10-08 17:31:17.678,1,10.0,False,,False,True,88.917,32.905,30.002,26.01
0 days 01:33:16.606000,NOR,4,0 days 00:01:30.016000,18.0,2.0,,,0 days 00:00:33.738000,0 days 00:00:30.172000,0 days 00:00:26.106000,0 days 01:32:20.356000,0 days 01:32:50.528000,0 days 01:33:16.634000,224.0,275.0,288.0,332.0,False,MEDIUM,11.0,False,McLaren,0 days 01:31:46.590000,2023-10-08 17:32:46.595,1,9.0,False,,False,True,90.016,33.738,30.172,26.106
0 days 01:34:45.625000,NOR,4,0 days 00:01:29.019000,19.0,2.0,,,0 days 00:00:32.494000,0 days 00:00:30.228000,0 days 00:00:26.297000,0 days 01:33:49.128000,0 days 01:34:19.356000,0 days 01:34:45.653000,228.0,275.0,276.0,332.0,False,MEDIUM,12.0,False,McLaren,0 days 01:33:16.606000,2023-10-08 17:34:16.611,1,6.0,False,,False,True,89.019,32.494,30.228,26.297
0 days 01:36:14.814000,NOR,4,0 days 00:01:29.189000,20.0,2.0,,,0 days 00:00:32.871000,0 days 00:00:30.174000,0 days 00:00:26.144000,0 days 01:35:18.524000,0 days 01:35:48.698000,0 days 01:36:14.842000,223.0,277.0,287.0,308.0,False,MEDIUM,13.0,False,McLaren,0 days 01:34:45.625000,2023-10-08 17:35:45.630,1,6.0,False,,False,True,89.189,32.871,30.174,26.144
0 days 01:37:43.983000,NOR,4,0 days 00:01:29.169000,21.0,2.0,,,0 days 00:00:32.766000,0 days 00:00:30.221000,0 days 00:00:26.182000,0 days 01:36:47.608000,0 days 01:37:17.829000,0 days 01:37:44.011000,228.0,276.0,282.0,330.0,False,MEDIUM,14.0,False,McLaren,0 days 01:36:14.814000,2023-10-08 17:37:14.819,1,4.0,False,,False,True,89.169,32.766,30.221,26.182
0 days 01:39:11.724000,NOR,4,0 days 00:01:27.741000,22.0,2.0,,,0 days 00:00:32.207000,0 days 00:00:29.717000,0 days 00:00:25.817000,0 days 01:38:16.218000,0 days 01:38:45.935000,0 days 01:39:11.752000,230.0,276.0,276.0,322.0,True,MEDIUM,15.0,False,McLaren,0 days 01:37:43.983000,2023-10-08 17:38:43.988,1,4.0,False,,False,True,87.741,32.207,29.717,25.817
0 days 01:40:39.758000,NOR,4,0 days 00:01:28.034000,23.0,2.0,,,0 days 00:00:32.307000,0 days 00:00:29.769000,0 days 00:00:25.958000,0 days 01:39:44.059000,0 days 01:40:13.828000,0 days 01:40:39.786000,231.0,277.0,277.0,306.0,False,MEDIUM,16.0,False,McLaren,0 days 01:39:11.724000,2023-10-08 17:40:11.729,1,4.0,False,,False,True,88.034,32.307,29.769,25.958
0 days 01:42:07.608000,NOR,4,0 days 00:01:27.850000,24.0,2.0,,,0 days 00:00:32.370000,0 days 00:00:29.766000,0 days 00:00:25.714000,0 days 01:41:12.156000,0 days 01:41:41.922000,0 days 01:42:07.636000,229.0,276.0,277.0,307.0,False,MEDIUM,17.0,False,McLaren,0 days 01:40:39.758000,2023-10-08 17:41:39.763,1,4.0,False,,False,True,87.85,32.37,29.766,25.714
0 days 01:43:35.443000,NOR,4,0 days 00:01:27.835000,25.0,2.0,,,0 days 00:00:32.307000,0 days 00:00:29.848000,0 days 00:00:25.680000,0 days 01:42:39.943000,0 days 01:43:09.791000,0 days 01:43:35.471000,232.0,277.0,277.0,307.0,False,MEDIUM,18.0,False,McLaren,0 days 01:42:07.608000,2023-10-08 17:43:07.613,1,4.0,False,,False,True,87.835,32.307,29.848,25.68
0 days 01:45:03.266000,NOR,4,0 days 00:01:27.823000,26.0,2.0,,,0 days 00:00:32.349000,0 days 00:00:29.711000,0 days 00:00:25.763000,0 days 01:44:07.820000,0 days 01:44:37.531000,0 days 01:45:03.294000,231.0,277.0,275.0,307.0,False,MEDIUM,19.0,False,McLaren,0 days 01:43:35.443000,2023-10-08 17:44:35.448,1,2.0,False,,False,True,87.823,32.349,29.711,25.763
0 days 01:49:51.568000,NOR,4,0 days 00:01:27.074000,29.0,3.0,,,0 days 00:00:32.299000,0 days 00:00:29.313000,0 days 00:00:25.462000,0 days 01:48:56.821000,0 days 01:49:26.134000,0 days 01:49:51.596000,236.0,278.0,288.0,308.0,True,MEDIUM,2.0,True,McLaren,0 days 01:48:24.494000,2023-10-08 17:49:24.499,1,7.0,False,,False,True,87.074,32.299,29.313,25.462
0 days 01:52:44.336000,NOR,4,0 days 00:01:26.552000,31.0,3.0,,,0 days 00:00:31.895000,0 days 00:00:29.299000,0 days 00:00:25.358000,0 days 01:51:49.707000,0 days 01:52:19.006000,0 days 01:52:44.364000,235.0,277.0,284.0,307.0,False,MEDIUM,4.0,True,McLaren,0 days 01:51:17.784000,2023-10-08 17:52:17.789,1,5.0,False,,False,True,86.552,31.895,29.299,25.358
0 days 01:54:10.284000,NOR,4,0 days 00:01:25.948000,32.0,3.0,,,0 days 00:00:31.520000,0 days 00:00:29.193000,0 days 00:00:25.235000,0 days 01:53:15.884000,0 days 01:53:45.077000,0 days 01:54:10.312000,234.0,277.0,278.0,322.0,True,MEDIUM,5.0,True,McLaren,0 days 01:52:44.336000,2023-10-08 17:53:44.341,1,4.0,False,,False,True,85.948,31.52,29.193,25.235
0 days 01:57:02.539000,NOR,4,0 days 00:01:26.169000,34.0,3.0,,,0 days 00:00:31.711000,0 days 00:00:29.135000,0 days 00:00:25.323000,0 days 01:56:08.109000,0 days 01:56:37.244000,0 days 01:57:02.567000,238.0,279.0,278.0,306.0,False,MEDIUM,7.0,True,McLaren,0 days 01:55:36.370000,2023-10-08 17:56:36.375,1,3.0,False,,False,True,86.169,31.711,29.135,25.323
0 days 01:58:28.646000,NOR,4,0 days 00:01:26.107000,35.0,3.0,,,0 days 00:00:31.631000,0 days 00:00:29.210000,0 days 00:00:25.266000,0 days 01:57:34.198000,0 days 01:58:03.408000,0 days 01:58:28.674000,237.0,279.0,278.0,306.0,False,MEDIUM,8.0,True,McLaren,0 days 01:57:02.539000,2023-10-08 17:58:02.544,1,3.0,False,,False,True,86.107,31.631,29.21,25.266
0 days 01:59:54.918000,NOR,4,0 days 00:01:26.272000,36.0,3.0,,,0 days 00:00:31.859000,0 days 00:00:29.260000,0 days 00:00:25.153000,0 days 01:59:00.533000,0 days 01:59:29.793000,0 days 01:59:54.946000,238.0,278.0,279.0,306.0,False,MEDIUM,9.0,True,McLaren,0 days 01:58:28.646000,2023-10-08 17:59:28.651,1,3.0,False,,False,True,86.272,31.859,29.26,25.153
0 days 02:01:21.156000,NOR,4,0 days 00:01:26.238000,37.0,3.0,,,0 days 00:00:31.778000,0 days 00:00:29.292000,0 days 00:00:25.168000,0 days 02:00:26.724000,0 days 02:00:56.016000,0 days 02:01:21.184000,236.0,278.0,279.0,306.0,False,MEDIUM,10.0,True,McLaren,0 days 01:59:54.918000,2023-10-08 18:00:54.923,1,3.0,False,,False,True,86.238,31.778,29.292,25.168
0 days 02:02:47.192000,NOR,4,0 days 00:01:26.036000,38.0,3.0,,,0 days 00:00:31.652000,0 days 00:00:29.218000,0 days 00:00:25.166000,0 days 02:01:52.836000,0 days 02:02:22.054000,0 days 02:02:47.220000,236.0,280.0,280.0,307.0,False,MEDIUM,11.0,True,McLaren,0 days 02:01:21.156000,2023-10-08 18:02:21.161,1,3.0,False,,False,True,86.036,31.652,29.218,25.166
0 days 02:04:13.394000,NOR,4,0 days 00:01:26.202000,39.0,3.0,,,0 days 00:00:31.737000,0 days 00:00:29.318000,0 days 00:00:25.147000,0 days 02:03:18.957000,0 days 02:03:48.275000,0 days 02:04:13.422000,236.0,277.0,279.0,307.0,False,MEDIUM,12.0,True,McLaren,0 days 02:02:47.192000,2023-10-08 18:03:47.197,1,3.0,False,,False,True,86.202,31.737,29.318,25.147
0 days 02:05:39.416000,NOR,4,0 days 00:01:26.022000,40.0,3.0,,,0 days 00:00:31.717000,0 days 00:00:29.329000,0 days 00:00:24.976000,0 days 02:04:45.139000,0 days 02:05:14.468000,0 days 02:05:39.444000,234.0,279.0,280.0,308.0,False,MEDIUM,13.0,True,McLaren,0 days 02:04:13.394000,2023-10-08 18:05:13.399,1,3.0,False,,False,True,86.022,31.717,29.329,24.976
0 days 02:08:33.061000,NOR,4,0 days 00:01:26.924000,42.0,3.0,,,0 days 00:00:31.980000,0 days 00:00:29.484000,0 days 00:00:25.460000,0 days 02:07:38.145000,0 days 02:08:07.629000,0 days 02:08:33.089000,234.0,280.0,289.0,308.0,False,MEDIUM,15.0,True,McLaren,0 days 02:07:06.137000,2023-10-08 18:08:06.142,1,3.0,False,,False,True,86.924,31.98,29.484,25.46
0 days 02:09:58.746000,NOR,4,0 days 00:01:25.685000,43.0,3.0,,,0 days 00:00:31.281000,0 days 00:00:29.326000,0 days 00:00:25.078000,0 days 02:09:04.370000,0 days 02:09:33.696000,0 days 02:09:58.774000,236.0,280.0,279.0,326.0,True,MEDIUM,16.0,True,McLaren,0 days 02:08:33.061000,2023-10-08 18:09:33.066,1,2.0,False,,False,True,85.685,31.281,29.326,25.078
0 days 02:14:42.030000,NOR,4,0 days 00:01:24.881000,46.0,4.0,,,0 days 00:00:31.353000,0 days 00:00:28.657000,0 days 00:00:24.871000,0 days 02:13:48.530000,0 days 02:14:17.187000,0 days 02:14:42.058000,238.0,279.0,281.0,307.0,True,HARD,2.0,True,McLaren,0 days 02:13:17.149000,2023-10-08 18:14:17.154,1,4.0,False,,False,True,84.881,31.353,28.657,24.871
0 days 02:16:06.872000,NOR,4,0 days 00:01:24.842000,47.0,4.0,,,0 days 00:00:31.356000,0 days 00:00:28.716000,0 days 00:00:24.770000,0 days 02:15:13.414000,0 days 02:15:42.130000,0 days 02:16:06.900000,240.0,280.0,281.0,308.0,True,HARD,3.0,True,McLaren,0 days 02:14:42.030000,2023-10-08 18:15:42.035,1,4.0,False,,False,True,84.842,31.356,28.716,24.77
0 days 02:17:31.934000,NOR,4,0 days 00:01:25.062000,48.0,4.0,,,0 days 00:00:31.435000,0 days 00:00:28.783000,0 days 00:00:24.844000,0 days 02:16:38.335000,0 days 02:17:07.118000,0 days 02:17:31.962000,238.0,280.0,281.0,309.0,False,HARD,4.0,True,McLaren,0 days 02:16:06.872000,2023-10-08 18:17:06.877,1,4.0,False,,False,True,85.062,31.435,28.783,24.844
0 days 02:18:57.080000,NOR,4,0 days 00:01:25.146000,49.0,4.0,,,0 days 00:00:31.457000,0 days 00:00:28.905000,0 days 00:00:24.784000,0 days 02:18:03.419000,0 days 02:18:32.324000,0 days 02:18:57.108000,236.0,281.0,281.0,309.0,False,HARD,5.0,True,McLaren,0 days 02:17:31.934000,2023-10-08 18:18:31.939,1,4.0,False,,False,True,85.146,31.457,28.905,24.784
0 days 02:21:47.603000,NOR,4,0 days 00:01:25.139000,51.0,4.0,,,0 days 00:00:31.409000,0 days 00:00:28.936000,0 days 00:00:24.794000,0 days 02:20:53.901000,0 days 02:21:22.837000,0 days 02:21:47.631000,237.0,281.0,280.0,310.0,False,HARD,7.0,True,McLaren,0 days 02:20:22.464000,2023-10-08 18:21:22.469,1,3.0,False,,False,True,85.139,31.409,28.936,24.794
0 days 02:23:12.883000,NOR,4,0 days 00:01:25.280000,52.0,4.0,,,0 days 00:00:31.487000,0 days 00:00:28.953000,0 days 00:00:24.840000,0 days 02:22:19.118000,0 days 02:22:48.071000,0 days 02:23:12.911000,237.0,282.0,282.0,310.0,False,HARD,8.0,True,McLaren,0 days 02:21:47.603000,2023-10-08 18:22:47.608,1,3.0,False,,False,True,85.28,31.487,28.953,24.84
0 days 02:24:38.169000,NOR,4,0 days 00:01:25.286000,53.0,4.0,,,0 days 00:00:31.581000,0 days 00:00:28.976000,0 days 00:00:24.729000,0 days 02:23:44.492000,0 days 02:24:13.468000,0 days 02:24:38.197000,238.0,281.0,282.0,311.0,False,HARD,9.0,True,McLaren,0 days 02:23:12.883000,2023-10-08 18:24:12.888,1,3.0,False,,False,True,85.286,31.581,28.976,24.729
0 days 02:26:03.386000,NOR,4,0 days 00:01:25.217000,54.0,4.0,,,0 days 00:00:31.402000,0 days 00:00:28.999000,0 days 00:00:24.816000,0 days 02:25:09.599000,0 days 02:25:38.598000,0 days 02:26:03.414000,237.0,280.0,281.0,310.0,False,HARD,10.0,True,McLaren,0 days 02:24:38.169000,2023-10-08 18:25:38.174,1,3.0,False,,False,True,85.217,31.402,28.999,24.816
0 days 02:27:28.596000,NOR,4,0 days 00:01:25.210000,55.0,4.0,,,0 days 00:00:31.430000,0 days 00:00:29.010000,0 days 00:00:24.770000,0 days 02:26:34.844000,0 days 02:27:03.854000,0 days 02:27:28.624000,236.0,281.0,282.0,309.0,False,HARD,11.0,True,McLaren,0 days 02:26:03.386000,2023-10-08 18:27:03.391,1,3.0,False,,False,True,85.21,31.43,29.01,24.77
0 days 02:28:53.844000,NOR,4,0 days 00:01:25.248000,56.0,4.0,,,0 days 00:00:31.352000,0 days 00:00:29.080000,0 days 00:00:24.816000,0 days 02:27:59.976000,0 days 02:28:29.056000,0 days 02:28:53.872000,235.0,281.0,282.0,311.0,False,HARD,12.0,True,McLaren,0 days 02:27:28.596000,2023-10-08 18:28:28.601,1,3.0,False,,False,True,85.248,31.352,29.08,24.816
0 days 02:30:19.142000,NOR,4,0 days 00:01:25.298000,57.0,4.0,,,0 days 00:00:31.477000,0 days 00:00:29.033000,0 days 00:00:24.788000,0 days 02:29:25.349000,0 days 02:29:54.382000,0 days 02:30:19.170000,236.0,282.0,281.0,311.0,False,HARD,13.0,True,McLaren,0 days 02:28:53.844000,2023-10-08 18:29:53.849,1,3.0,False,,False,True,85.298,31.477,29.033,24.788
0 days 01:13:27.113000,RUS,63,0 days 00:01:33.658000,5.0,2.0,,,0 days 00:00:35.203000,0 days 00:00:31.302000,0 days 00:00:27.153000,0 days 01:12:28.666000,0 days 01:12:59.968000,0 days 01:13:27.121000,226.0,275.0,276.0,312.0,True,MEDIUM,11.0,False,Mercedes,0 days 01:11:53.455000,2023-10-08 17:12:53.460,1,14.0,False,,False,True,93.658,35.203,31.302,27.153
0 days 01:14:59.012000,RUS,63,0 days 00:01:31.899000,6.0,2.0,,,0 days 00:00:34.059000,0 days 00:00:30.784000,0 days 00:00:27.056000,0 days 01:14:01.180000,0 days 01:14:31.964000,0 days 01:14:59.020000,225.0,279.0,279.0,298.0,True,MEDIUM,12.0,False,Mercedes,0 days 01:13:27.113000,2023-10-08 17:14:27.118,1,13.0,False,,False,True,91.899,34.059,30.784,27.056
0 days 01:16:30.427000,RUS,63,0 days 00:01:31.415000,7.0,2.0,,,0 days 00:00:33.930000,0 days 00:00:30.698000,0 days 00:00:26.787000,0 days 01:15:32.950000,0 days 01:16:03.648000,0 days 01:16:30.435000,226.0,276.0,284.0,307.0,True,MEDIUM,13.0,False,Mercedes,0 days 01:14:59.012000,2023-10-08 17:15:59.017,1,13.0,False,,False,True,91.415,33.93,30.698,26.787
0 days 01:19:30.584000,RUS,63,0 days 00:01:30.105000,9.0,2.0,,,0 days 00:00:32.887000,0 days 00:00:30.390000,0 days 00:00:26.828000,0 days 01:18:33.374000,0 days 01:19:03.764000,0 days 01:19:30.592000,228.0,274.0,283.0,328.0,True,MEDIUM,15.0,False,Mercedes,0 days 01:18:00.479000,2023-10-08 17:19:00.484,1,10.0,False,,False,True,90.105,32.887,30.39,26.828
0 days 01:22:31.228000,RUS,63,0 days 00:01:30.554000,11.0,2.0,,,0 days 00:00:33.382000,0 days 00:00:30.554000,0 days 00:00:26.618000,0 days 01:21:34.064000,0 days 01:22:04.618000,0 days 01:22:31.236000,225.0,277.0,283.0,317.0,False,MEDIUM,17.0,False,Mercedes,0 days 01:21:00.674000,2023-10-08 17:22:00.679,1,9.0,False,,False,True,90.554,33.382,30.554,26.618
0 days 01:24:00.820000,RUS,63,0 days 00:01:29.592000,12.0,2.0,,,0 days 00:00:33.177000,0 days 00:00:30.149000,0 days 00:00:26.266000,0 days 01:23:04.413000,0 days 01:23:34.562000,0 days 01:24:00.828000,235.0,279.0,282.0,314.0,True,MEDIUM,18.0,False,Mercedes,0 days 01:22:31.228000,2023-10-08 17:23:31.233,1,6.0,False,,False,True,89.592,33.177,30.149,26.266
0 days 01:25:29.562000,RUS,63,0 days 00:01:28.742000,13.0,2.0,,,0 days 00:00:32.686000,0 days 00:00:29.774000,0 days 00:00:26.282000,0 days 01:24:33.514000,0 days 01:25:03.288000,0 days 01:25:29.570000,228.0,275.0,272.0,325.0,True,MEDIUM,19.0,False,Mercedes,0 days 01:24:00.820000,2023-10-08 17:25:00.825,1,3.0,False,,False,True,88.742,32.686,29.774,26.282
0 days 01:30:22.602000,RUS,63,0 days 00:01:28.650000,16.0,3.0,,,0 days 00:00:32.758000,0 days 00:00:29.643000,0 days 00:00:26.249000,0 days 01:29:26.718000,0 days 01:29:56.361000,0 days 01:30:22.610000,230.0,273.0,276.0,296.0,True,MEDIUM,2.0,True,Mercedes,0 days 01:28:53.952000,2023-10-08 17:29:53.957,1,15.0,False,,False,True,88.65,32.758,29.643,26.249
0 days 01:31:51.563000,RUS,63,0 days 00:01:28.961000,17.0,3.0,,,0 days 00:00:32.647000,0 days 00:00:29.833000,0 days 00:00:26.481000,0 days 01:30:55.257000,0 days 01:31:25.090000,0 days 01:31:51.571000,232.0,282.0,284.0,304.0,False,MEDIUM,3.0,True,Mercedes,0 days 01:30:22.602000,2023-10-08 17:31:22.607,1,15.0,False,,False,True,88.961,32.647,29.833,26.481
0 days 01:33:22.193000,RUS,63,0 days 00:01:30.630000,18.0,3.0,,,0 days 00:00:33.355000,0 days 00:00:30.839000,0 days 00:00:26.436000,0 days 01:32:24.926000,0 days 01:32:55.765000,0 days 01:33:22.201000,239.0,282.0,287.0,325.0,False,MEDIUM,4.0,True,Mercedes,0 days 01:31:51.563000,2023-10-08 17:32:51.568,1,14.0,False,,False,True,90.63,33.355,30.839,26.436
0 days 01:34:51.033000,RUS,63,0 days 00:01:28.840000,19.0,3.0,,,0 days 00:00:32.613000,0 days 00:00:29.905000,0 days 00:00:26.322000,0 days 01:33:54.814000,0 days 01:34:24.719000,0 days 01:34:51.041000,238.0,275.0,277.0,323.0,False,MEDIUM,5.0,True,Mercedes,0 days 01:33:22.193000,2023-10-08 17:34:22.198,1,10.0,False,,False,True,88.84,32.613,29.905,26.322
0 days 01:36:19.652000,RUS,63,0 days 00:01:28.619000,20.0,3.0,,,0 days 00:00:32.814000,0 days 00:00:29.705000,0 days 00:00:26.100000,0 days 01:35:23.855000,0 days 01:35:53.560000,0 days 01:36:19.660000,233.0,283.0,286.0,305.0,True,MEDIUM,6.0,True,Mercedes,0 days 01:34:51.033000,2023-10-08 17:35:51.038,1,10.0,False,,False,True,88.619,32.814,29.705,26.1
0 days 01:37:49.423000,RUS,63,0 days 00:01:29.771000,21.0,3.0,,,0 days 00:00:33.423000,0 days 00:00:30.145000,0 days 00:00:26.203000,0 days 01:36:53.083000,0 days 01:37:23.228000,0 days 01:37:49.431000,228.0,281.0,285.0,330.0,False,MEDIUM,7.0,True,Mercedes,0 days 01:36:19.652000,2023-10-08 17:37:19.657,1,9.0,False,,False,True,89.771,33.423,30.145,26.203
0 days 01:39:18.151000,RUS,63,0 days 00:01:28.728000,22.0,3.0,,,0 days 00:00:32.735000,0 days 00:00:30.212000,0 days 00:00:25.781000,0 days 01:38:22.166000,0 days 01:38:52.378000,0 days 01:39:18.159000,239.0,281.0,285.0,316.0,False,MEDIUM,8.0,True,Mercedes,0 days 01:37:49.423000,2023-10-08 17:38:49.428,1,8.0,False,,False,True,88.728,32.735,30.212,25.781
0 days 01:40:46.385000,RUS,63,0 days 00:01:28.234000,23.0,3.0,,,0 days 00:00:32.357000,0 days 00:00:29.696000,0 days 00:00:26.181000,0 days 01:39:50.516000,0 days 01:40:20.212000,0 days 01:40:46.393000,228.0,280.0,280.0,329.0,True,MEDIUM,9.0,True,Mercedes,0 days 01:39:18.151000,2023-10-08 17:40:18.156,1,7.0,False,,False,True,88.234,32.357,29.696,26.181
0 days 01:42:14.804000,RUS,63,0 days 00:01:28.419000,24.0,3.0,,,0 days 00:00:32.762000,0 days 00:00:29.771000,0 days 00:00:25.886000,0 days 01:41:19.155000,0 days 01:41:48.926000,0 days 01:42:14.812000,232.0,282.0,284.0,311.0,False,MEDIUM,10.0,True,Mercedes,0 days 01:40:46.385000,2023-10-08 17:41:46.390,1,7.0,False,,False,True,88.419,32.762,29.771,25.886
0 days 01:43:43.465000,RUS,63,0 days 00:01:28.661000,25.0,3.0,,,0 days 00:00:32.672000,0 days 00:00:29.956000,0 days 00:00:26.033000,0 days 01:42:47.484000,0 days 01:43:17.440000,0 days 01:43:43.473000,230.0,280.0,282.0,324.0,False,MEDIUM,11.0,True,Mercedes,0 days 01:42:14.804000,2023-10-08 17:43:14.809,1,5.0,False,,False,True,88.661,32.672,29.956,26.033
0 days 01:45:10.579000,RUS,63,0 days 00:01:27.114000,26.0,3.0,,,0 days 00:00:32.014000,0 days 00:00:29.387000,0 days 00:00:25.713000,0 days 01:44:15.487000,0 days 01:44:44.874000,0 days 01:45:10.587000,232.0,272.0,274.0,320.0,True,MEDIUM,12.0,True,Mercedes,0 days 01:43:43.465000,2023-10-08 17:44:43.470,1,4.0,False,,False,True,87.114,32.014,29.387,25.713
0 days 01:46:37.991000,RUS,63,0 days 00:01:27.412000,27.0,3.0,,,0 days 00:00:32.448000,0 days 00:00:29.232000,0 days 00:00:25.732000,0 days 01:45:43.035000,0 days 01:46:12.267000,0 days 01:46:37.999000,232.0,272.0,274.0,299.0,False,MEDIUM,13.0,True,Mercedes,0 days 01:45:10.579000,2023-10-08 17:46:10.584,1,3.0,False,,False,True,87.412,32.448,29.232,25.732
0 days 01:48:05.321000,RUS,63,0 days 00:01:27.330000,28.0,3.0,,,0 days 00:00:32.363000,0 days 00:00:29.265000,0 days 00:00:25.702000,0 days 01:47:10.362000,0 days 01:47:39.627000,0 days 01:48:05.329000,236.0,275.0,274.0,287.0,False,MEDIUM,14.0,True,Mercedes,0 days 01:46:37.991000,2023-10-08 17:47:37.996,1,2.0,False,,False,True,87.33,32.363,29.265,25.702
0 days 01:49:32.535000,RUS,63,0 days 00:01:27.214000,29.0,3.0,,,0 days 00:00:32.194000,0 days 00:00:29.249000,0 days 00:00:25.771000,0 days 01:48:37.523000,0 days 01:49:06.772000,0 days 01:49:32.543000,233.0,273.0,274.0,299.0,False,MEDIUM,15.0,True,Mercedes,0 days 01:48:05.321000,2023-10-08 17:49:05.326,1,2.0,False,,False,True,87.214,32.194,29.249,25.771
0 days 01:50:59.763000,RUS,63,0 days 00:01:27.228000,30.0,3.0,,,0 days 00:00:32.199000,0 days 00:00:29.421000,0 days 00:00:25.608000,0 days 01:50:04.742000,0 days 01:50:34.163000,0 days 01:50:59.771000,233.0,274.0,274.0,300.0,False,MEDIUM,16.0,True,Mercedes,0 days 01:49:32.535000,2023-10-08 17:50:32.540,1,2.0,False,,False,True,87.228,32.199,29.421,25.608
0 days 01:52:26.654000,RUS,63,0 days 00:01:26.891000,31.0,3.0,,,0 days 00:00:32.148000,0 days 00:00:29.193000,0 days 00:00:25.550000,0 days 01:51:31.919000,0 days 01:52:01.112000,0 days 01:52:26.662000,234.0,276.0,275.0,300.0,True,MEDIUM,17.0,True,Mercedes,0 days 01:50:59.763000,2023-10-08 17:51:59.768,1,2.0,False,,False,True,86.891,32.148,29.193,25.55
0 days 01:57:13.837000,RUS,63,0 days 00:01:26.311000,34.0,4.0,,,0 days 00:00:32.087000,0 days 00:00:28.768000,0 days 00:00:25.456000,0 days 01:56:19.621000,0 days 01:56:48.389000,0 days 01:57:13.845000,236.0,282.0,286.0,299.0,True,HARD,2.0,True,Mercedes,0 days 01:55:47.526000,2023-10-08 17:56:47.531,1,5.0,False,,False,True,86.311,32.087,28.768,25.456
0 days 01:58:39.607000,RUS,63,0 days 00:01:25.770000,35.0,4.0,,,0 days 00:00:31.446000,0 days 00:00:28.765000,0 days 00:00:25.559000,0 days 01:57:45.291000,0 days 01:58:14.056000,0 days 01:58:39.615000,235.0,274.0,276.0,324.0,True,HARD,3.0,True,Mercedes,0 days 01:57:13.837000,2023-10-08 17:58:13.842,1,4.0,False,,False,True,85.77,31.446,28.765,25.559
0 days 02:00:06.210000,RUS,63,0 days 00:01:26.603000,36.0,4.0,,,0 days 00:00:32.042000,0 days 00:00:28.744000,0 days 00:00:25.817000,0 days 01:59:11.657000,0 days 01:59:40.401000,0 days 02:00:06.218000,236.0,273.0,275.0,289.0,False,HARD,4.0,True,Mercedes,0 days 01:58:39.607000,2023-10-08 17:59:39.612,1,4.0,False,,False,True,86.603,32.042,28.744,25.817
0 days 02:01:32.546000,RUS,63,0 days 00:01:26.336000,37.0,4.0,,,0 days 00:00:32.088000,0 days 00:00:28.835000,0 days 00:00:25.413000,0 days 02:00:38.306000,0 days 02:01:07.141000,0 days 02:01:32.554000,236.0,275.0,276.0,300.0,False,HARD,5.0,True,Mercedes,0 days 02:00:06.210000,2023-10-08 18:01:06.215,1,4.0,False,,False,True,86.336,32.088,28.835,25.413
0 days 02:02:58.619000,RUS,63,0 days 00:01:26.073000,38.0,4.0,,,0 days 00:00:31.866000,0 days 00:00:28.789000,0 days 00:00:25.418000,0 days 02:02:04.420000,0 days 02:02:33.209000,0 days 02:02:58.627000,236.0,275.0,276.0,300.0,False,HARD,6.0,True,Mercedes,0 days 02:01:32.546000,2023-10-08 18:02:32.551,1,4.0,False,,False,True,86.073,31.866,28.789,25.418
0 days 02:04:24.890000,RUS,63,0 days 00:01:26.271000,39.0,4.0,,,0 days 00:00:32.042000,0 days 00:00:28.835000,0 days 00:00:25.394000,0 days 02:03:30.669000,0 days 02:03:59.504000,0 days 02:04:24.898000,237.0,275.0,276.0,301.0,False,HARD,7.0,True,Mercedes,0 days 02:02:58.619000,2023-10-08 18:03:58.624,1,4.0,False,,False,True,86.271,32.042,28.835,25.394
0 days 02:05:51.053000,RUS,63,0 days 00:01:26.163000,40.0,4.0,,,0 days 00:00:31.773000,0 days 00:00:28.892000,0 days 00:00:25.498000,0 days 02:04:56.671000,0 days 02:05:25.563000,0 days 02:05:51.061000,238.0,275.0,277.0,302.0,False,HARD,8.0,True,Mercedes,0 days 02:04:24.890000,2023-10-08 18:05:24.895,1,4.0,False,,False,True,86.163,31.773,28.892,25.498
0 days 02:08:43.755000,RUS,63,0 days 00:01:26.066000,42.0,4.0,,,0 days 00:00:31.771000,0 days 00:00:28.919000,0 days 00:00:25.376000,0 days 02:07:49.468000,0 days 02:08:18.387000,0 days 02:08:43.763000,239.0,276.0,277.0,299.0,False,HARD,10.0,True,Mercedes,0 days 02:07:17.689000,2023-10-08 18:08:17.694,1,4.0,False,,False,True,86.066,31.771,28.919,25.376
0 days 02:10:09.645000,RUS,63,0 days 00:01:25.890000,43.0,4.0,,,0 days 00:00:31.738000,0 days 00:00:28.925000,0 days 00:00:25.227000,0 days 02:09:15.501000,0 days 02:09:44.426000,0 days 02:10:09.653000,237.0,277.0,277.0,304.0,False,HARD,11.0,True,Mercedes,0 days 02:08:43.755000,2023-10-08 18:09:43.760,1,4.0,False,,False,True,85.89,31.738,28.925,25.227
0 days 02:11:35.653000,RUS,63,0 days 00:01:26.008000,44.0,4.0,,,0 days 00:00:31.805000,0 days 00:00:28.962000,0 days 00:00:25.241000,0 days 02:10:41.458000,0 days 02:11:10.420000,0 days 02:11:35.661000,237.0,277.0,278.0,303.0,False,HARD,12.0,True,Mercedes,0 days 02:10:09.645000,2023-10-08 18:11:09.650,1,3.0,False,,False,True,86.008,31.805,28.962,25.241
0 days 02:13:01.706000,RUS,63,0 days 00:01:26.053000,45.0,4.0,,,0 days 00:00:31.720000,0 days 00:00:28.994000,0 days 00:00:25.339000,0 days 02:12:07.381000,0 days 02:12:36.375000,0 days 02:13:01.714000,232.0,277.0,278.0,305.0,False,HARD,13.0,True,Mercedes,0 days 02:11:35.653000,2023-10-08 18:12:35.658,1,2.0,False,,False,True,86.053,31.72,28.994,25.339
0 days 02:14:28.607000,RUS,63,0 days 00:01:26.901000,46.0,4.0,,,0 days 00:00:31.914000,0 days 00:00:29.466000,0 days 00:00:25.521000,0 days 02:13:33.628000,0 days 02:14:03.094000,0 days 02:14:28.615000,229.0,280.0,286.0,306.0,False,HARD,14.0,True,Mercedes,0 days 02:13:01.706000,2023-10-08 18:14:01.711,1,2.0,False,,False,True,86.901,31.914,29.466,25.521
0 days 02:15:54.403000,RUS,63,0 days 00:01:25.796000,47.0,4.0,,,0 days 00:00:31.564000,0 days 00:00:28.937000,0 days 00:00:25.295000,0 days 02:15:00.179000,0 days 02:15:29.116000,0 days 02:15:54.411000,234.0,281.0,278.0,317.0,False,HARD,15.0,True,Mercedes,0 days 02:14:28.607000,2023-10-08 18:15:28.612,1,2.0,False,,False,True,85.796,31.564,28.937,25.295
0 days 02:17:20.524000,RUS,63,0 days 00:01:26.121000,48.0,4.0,,,0 days 00:00:31.848000,0 days 00:00:28.955000,0 days 00:00:25.318000,0 days 02:16:26.259000,0 days 02:16:55.214000,0 days 02:17:20.532000,236.0,273.0,277.0,305.0,False,HARD,16.0,True,Mercedes,0 days 02:15:54.403000,2023-10-08 18:16:54.408,1,2.0,False,,False,True,86.121,31.848,28.955,25.318
0 days 02:18:46.354000,RUS,63,0 days 00:01:25.830000,49.0,4.0,,,0 days 00:00:31.686000,0 days 00:00:28.876000,0 days 00:00:25.268000,0 days 02:17:52.218000,0 days 02:18:21.094000,0 days 02:18:46.362000,235.0,274.0,277.0,298.0,False,HARD,17.0,True,Mercedes,0 days 02:17:20.524000,2023-10-08 18:18:20.529,1,2.0,False,,False,True,85.83,31.686,28.876,25.268
0 days 02:23:31.767000,RUS,63,0 days 00:01:26.751000,52.0,5.0,,,0 days 00:00:31.888000,0 days 00:00:28.717000,0 days 00:00:26.146000,0 days 02:22:36.912000,0 days 02:23:05.629000,0 days 02:23:31.775000,239.0,276.0,276.0,300.0,False,SOFT,5.0,False,Mercedes,0 days 02:22:05.016000,2023-10-08 18:23:05.021,1,4.0,False,,False,True,86.751,31.888,28.717,26.146
0 days 02:24:58.243000,RUS,63,0 days 00:01:26.476000,53.0,5.0,,,0 days 00:00:31.950000,0 days 00:00:28.666000,0 days 00:00:25.860000,0 days 02:24:03.725000,0 days 02:24:32.391000,0 days 02:24:58.251000,237.0,276.0,277.0,301.0,False,SOFT,6.0,False,Mercedes,0 days 02:23:31.767000,2023-10-08 18:24:31.772,1,4.0,False,,False,True,86.476,31.95,28.666,25.86
0 days 02:26:28.182000,RUS,63,0 days 00:01:29.939000,54.0,5.0,,,0 days 00:00:32.519000,0 days 00:00:30.272000,0 days 00:00:27.148000,0 days 02:25:30.770000,0 days 02:26:01.042000,0 days 02:26:28.190000,234.0,267.0,278.0,301.0,False,SOFT,7.0,False,Mercedes,0 days 02:24:58.243000,2023-10-08 18:25:58.248,1,4.0,False,,False,True,89.939,32.519,30.272,27.148
0 days 02:29:21.488000,RUS,63,0 days 00:01:26.256000,56.0,5.0,,,0 days 00:00:31.819000,0 days 00:00:28.904000,0 days 00:00:25.533000,0 days 02:28:27.059000,0 days 02:28:55.963000,0 days 02:29:21.496000,241.0,281.0,275.0,300.0,False,SOFT,9.0,False,Mercedes,0 days 02:27:55.232000,2023-10-08 18:28:55.237,1,4.0,False,,False,True,86.256,31.819,28.904,25.533
0 days 02:30:47.292000,RUS,63,0 days 00:01:25.804000,57.0,5.0,,,0 days 00:00:31.847000,0 days 00:00:28.826000,0 days 00:00:25.131000,0 days 02:29:53.343000,0 days 02:30:22.169000,0 days 02:30:47.300000,243.0,281.0,276.0,300.0,False,SOFT,10.0,False,Mercedes,0 days 02:29:21.488000,2023-10-08 18:30:21.493,1,4.0,False,,False,True,85.804,31.847,28.826,25.131
0 days 01:13:20.987000,LEC,16,0 days 00:01:31.447000,5.0,1.0,,,0 days 00:00:33.825000,0 days 00:00:30.552000,0 days 00:00:27.070000,0 days 01:12:23.437000,0 days 01:12:53.989000,0 days 01:13:21.059000,227.0,283.0,277.0,308.0,True,MEDIUM,13.0,False,Ferrari,0 days 01:11:49.540000,2023-10-08 17:12:49.545,1,4.0,False,,False,True,91.447,33.825,30.552,27.07
0 days 01:14:50.936000,LEC,16,0 days 00:01:29.949000,6.0,1.0,,,0 days 00:00:33.116000,0 days 00:00:29.973000,0 days 00:00:26.860000,0 days 01:13:54.175000,0 days 01:14:24.148000,0 days 01:14:51.008000,233.0,283.0,276.0,306.0,True,MEDIUM,14.0,False,Ferrari,0 days 01:13:20.987000,2023-10-08 17:14:20.992,1,4.0,False,,False,True,89.949,33.116,29.973,26.86
0 days 01:16:21.061000,LEC,16,0 days 00:01:30.125000,7.0,1.0,,,0 days 00:00:33.188000,0 days 00:00:30.059000,0 days 00:00:26.878000,0 days 01:15:24.196000,0 days 01:15:54.255000,0 days 01:16:21.133000,228.0,282.0,278.0,300.0,False,MEDIUM,15.0,False,Ferrari,0 days 01:14:50.936000,2023-10-08 17:15:50.941,1,4.0,False,,False,True,90.125,33.188,30.059,26.878
0 days 01:17:51.098000,LEC,16,0 days 00:01:30.037000,8.0,1.0,,,0 days 00:00:33.202000,0 days 00:00:30.087000,0 days 00:00:26.748000,0 days 01:16:54.335000,0 days 01:17:24.422000,0 days 01:17:51.170000,229.0,283.0,283.0,302.0,False,MEDIUM,16.0,False,Ferrari,0 days 01:16:21.061000,2023-10-08 17:17:21.066,1,4.0,False,,False,True,90.037,33.202,30.087,26.748
0 days 01:19:21.040000,LEC,16,0 days 00:01:29.942000,9.0,1.0,,,0 days 00:00:32.959000,0 days 00:00:30.170000,0 days 00:00:26.813000,0 days 01:18:24.129000,0 days 01:18:54.299000,0 days 01:19:21.112000,226.0,282.0,277.0,321.0,True,MEDIUM,17.0,False,Ferrari,0 days 01:17:51.098000,2023-10-08 17:18:51.103,1,4.0,False,,False,True,89.942,32.959,30.17,26.813
0 days 01:20:50.967000,LEC,16,0 days 00:01:29.927000,10.0,1.0,,,0 days 00:00:33.134000,0 days 00:00:30.098000,0 days 00:00:26.695000,0 days 01:19:54.246000,0 days 01:20:24.344000,0 days 01:20:51.039000,226.0,282.0,278.0,300.0,True,MEDIUM,18.0,False,Ferrari,0 days 01:19:21.040000,2023-10-08 17:20:21.045,1,4.0,False,,False,True,89.927,33.134,30.098,26.695
0 days 01:22:20.569000,LEC,16,0 days 00:01:29.602000,11.0,1.0,,,0 days 00:00:32.941000,0 days 00:00:30.004000,0 days 00:00:26.657000,0 days 01:21:23.980000,0 days 01:21:53.984000,0 days 01:22:20.641000,229.0,283.0,276.0,305.0,True,MEDIUM,19.0,False,Ferrari,0 days 01:20:50.967000,2023-10-08 17:21:50.972,1,3.0,False,,False,True,89.602,32.941,30.004,26.657
0 days 01:27:16.748000,LEC,16,0 days 00:01:29.362000,14.0,2.0,,,0 days 00:00:32.742000,0 days 00:00:30.056000,0 days 00:00:26.564000,0 days 01:26:20.200000,0 days 01:26:50.256000,0 days 01:27:16.820000,233.0,282.0,286.0,329.0,True,MEDIUM,9.0,False,Ferrari,0 days 01:25:47.386000,2023-10-08 17:26:47.391,1,12.0,False,,False,True,89.362,32.742,30.056,26.564
0 days 01:28:47.334000,LEC,16,0 days 00:01:30.586000,15.0,2.0,,,0 days 00:00:33.113000,0 days 00:00:30.751000,0 days 00:00:26.722000,0 days 01:27:49.933000,0 days 01:28:20.684000,0 days 01:28:47.406000,227.0,286.0,287.0,327.0,False,MEDIUM,10.0,False,Ferrari,0 days 01:27:16.748000,2023-10-08 17:28:16.753,1,11.0,False,,False,True,90.586,33.113,30.751,26.722
0 days 01:30:17.350000,LEC,16,0 days 00:01:30.016000,16.0,2.0,,,0 days 00:00:32.780000,0 days 00:00:30.422000,0 days 00:00:26.814000,0 days 01:29:20.186000,0 days 01:29:50.608000,0 days 01:30:17.422000,228.0,282.0,288.0,322.0,False,MEDIUM,11.0,False,Ferrari,0 days 01:28:47.334000,2023-10-08 17:29:47.339,1,10.0,False,,False,True,90.016,32.78,30.422,26.814
0 days 01:31:46.128000,LEC,16,0 days 00:01:28.778000,17.0,2.0,,,0 days 00:00:32.622000,0 days 00:00:29.883000,0 days 00:00:26.273000,0 days 01:30:50.044000,0 days 01:31:19.927000,0 days 01:31:46.200000,228.0,281.0,277.0,322.0,True,MEDIUM,12.0,False,Ferrari,0 days 01:30:17.350000,2023-10-08 17:31:17.355,1,9.0,False,,False,True,88.778,32.622,29.883,26.273
0 days 01:34:46.631000,LEC,16,0 days 00:01:30.514000,19.0,2.0,,,0 days 00:00:33.770000,0 days 00:00:30.293000,0 days 00:00:26.451000,0 days 01:33:49.959000,0 days 01:34:20.252000,0 days 01:34:46.703000,223.0,284.0,280.0,302.0,False,MEDIUM,14.0,False,Ferrari,0 days 01:33:16.117000,2023-10-08 17:34:16.122,1,7.0,False,,False,True,90.514,33.77,30.293,26.451
0 days 01:36:16.296000,LEC,16,0 days 00:01:29.665000,20.0,2.0,,,0 days 00:00:33.061000,0 days 00:00:30.131000,0 days 00:00:26.473000,0 days 01:35:19.764000,0 days 01:35:49.895000,0 days 01:36:16.368000,225.0,282.0,278.0,299.0,False,MEDIUM,15.0,False,Ferrari,0 days 01:34:46.631000,2023-10-08 17:35:46.636,1,7.0,False,,False,True,89.665,33.061,30.131,26.473
0 days 01:37:46.050000,LEC,16,0 days 00:01:29.754000,21.0,2.0,,,0 days 00:00:32.982000,0 days 00:00:30.200000,0 days 00:00:26.572000,0 days 01:36:49.350000,0 days 01:37:19.550000,0 days 01:37:46.122000,228.0,287.0,284.0,311.0,False,MEDIUM,16.0,False,Ferrari,0 days 01:36:16.296000,2023-10-08 17:37:16.301,1,5.0,False,,False,True,89.754,32.982,30.2,26.572
0 days 01:39:14.680000,LEC,16,0 days 00:01:28.630000,22.0,2.0,,,0 days 00:00:32.472000,0 days 00:00:29.924000,0 days 00:00:26.234000,0 days 01:38:18.594000,0 days 01:38:48.518000,0 days 01:39:14.752000,228.0,282.0,277.0,322.0,True,MEDIUM,17.0,False,Ferrari,0 days 01:37:46.050000,2023-10-08 17:38:46.055,1,5.0,False,,False,True,88.63,32.472,29.924,26.234
0 days 01:40:43.329000,LEC,16,0 days 00:01:28.649000,23.0,2.0,,,0 days 00:00:32.739000,0 days 00:00:29.800000,0 days 00:00:26.110000,0 days 01:39:47.491000,0 days 01:40:17.291000,0 days 01:40:43.401000,230.0,282.0,277.0,302.0,False,MEDIUM,18.0,False,Ferrari,0 days 01:39:14.680000,2023-10-08 17:40:14.685,1,5.0,False,,False,True,88.649,32.739,29.8,26.11
0 days 01:42:11.879000,LEC,16,0 days 00:01:28.550000,24.0,2.0,,,0 days 00:00:32.750000,0 days 00:00:29.674000,0 days 00:00:26.126000,0 days 01:41:16.151000,0 days 01:41:45.825000,0 days 01:42:11.951000,230.0,283.0,278.0,301.0,True,MEDIUM,19.0,False,Ferrari,0 days 01:40:43.329000,2023-10-08 17:41:43.334,1,5.0,False,,False,True,88.55,32.75,29.674,26.126
0 days 01:47:05.417000,LEC,16,0 days 00:01:28.149000,27.0,3.0,,,0 days 00:00:32.492000,0 days 00:00:29.505000,0 days 00:00:26.152000,0 days 01:46:09.832000,0 days 01:46:39.337000,0 days 01:47:05.489000,235.0,282.0,278.0,306.0,True,HARD,2.0,True,Ferrari,0 days 01:45:37.268000,2023-10-08 17:46:37.273,1,12.0,False,,False,True,88.149,32.492,29.505,26.152
0 days 01:48:33.121000,LEC,16,0 days 00:01:27.704000,28.0,3.0,,,0 days 00:00:32.358000,0 days 00:00:29.421000,0 days 00:00:25.925000,0 days 01:47:37.847000,0 days 01:48:07.268000,0 days 01:48:33.193000,232.0,282.0,279.0,301.0,True,HARD,3.0,True,Ferrari,0 days 01:47:05.417000,2023-10-08 17:48:05.422,1,11.0,False,,False,True,87.704,32.358,29.421,25.925
0 days 01:50:00.605000,LEC,16,0 days 00:01:27.484000,29.0,3.0,,,0 days 00:00:32.368000,0 days 00:00:29.400000,0 days 00:00:25.716000,0 days 01:49:05.561000,0 days 01:49:34.961000,0 days 01:50:00.677000,233.0,285.0,287.0,303.0,True,HARD,4.0,True,Ferrari,0 days 01:48:33.121000,2023-10-08 17:49:33.126,1,11.0,False,,False,True,87.484,32.368,29.4,25.716
0 days 01:51:28.254000,LEC,16,0 days 00:01:27.649000,30.0,3.0,,,0 days 00:00:32.413000,0 days 00:00:29.569000,0 days 00:00:25.667000,0 days 01:50:33.090000,0 days 01:51:02.659000,0 days 01:51:28.326000,233.0,286.0,289.0,325.0,False,HARD,5.0,True,Ferrari,0 days 01:50:00.605000,2023-10-08 17:51:00.610,1,11.0,False,,False,True,87.649,32.413,29.569,25.667
0 days 01:52:55.192000,LEC,16,0 days 00:01:26.938000,31.0,3.0,,,0 days 00:00:32.046000,0 days 00:00:29.263000,0 days 00:00:25.629000,0 days 01:52:00.372000,0 days 01:52:29.635000,0 days 01:52:55.264000,234.0,283.0,280.0,333.0,True,HARD,6.0,True,Ferrari,0 days 01:51:28.254000,2023-10-08 17:52:28.259,1,10.0,False,,False,True,86.938,32.046,29.263,25.629
0 days 01:54:22.541000,LEC,16,0 days 00:01:27.349000,32.0,3.0,,,0 days 00:00:32.258000,0 days 00:00:29.378000,0 days 00:00:25.713000,0 days 01:53:27.522000,0 days 01:53:56.900000,0 days 01:54:22.613000,236.0,284.0,288.0,303.0,False,HARD,7.0,True,Ferrari,0 days 01:52:55.192000,2023-10-08 17:53:55.197,1,8.0,False,,False,True,87.349,32.258,29.378,25.713
0 days 01:57:17.033000,LEC,16,0 days 00:01:27.122000,34.0,3.0,,,0 days 00:00:32.305000,0 days 00:00:29.291000,0 days 00:00:25.526000,0 days 01:56:22.288000,0 days 01:56:51.579000,0 days 01:57:17.105000,233.0,283.0,279.0,301.0,False,HARD,9.0,True,Ferrari,0 days 01:55:49.911000,2023-10-08 17:56:49.916,1,6.0,False,,False,True,87.122,32.305,29.291,25.526
0 days 01:58:44.232000,LEC,16,0 days 00:01:27.199000,35.0,3.0,,,0 days 00:00:32.273000,0 days 00:00:29.286000,0 days 00:00:25.640000,0 days 01:57:49.378000,0 days 01:58:18.664000,0 days 01:58:44.304000,233.0,282.0,279.0,301.0,False,HARD,10.0,True,Ferrari,0 days 01:57:17.033000,2023-10-08 17:58:17.038,1,5.0,False,,False,True,87.199,32.273,29.286,25.64
0 days 02:00:11.237000,LEC,16,0 days 00:01:27.005000,36.0,3.0,,,0 days 00:00:32.250000,0 days 00:00:29.185000,0 days 00:00:25.570000,0 days 01:59:16.554000,0 days 01:59:45.739000,0 days 02:00:11.309000,234.0,282.0,279.0,299.0,False,HARD,11.0,True,Ferrari,0 days 01:58:44.232000,2023-10-08 17:59:44.237,1,5.0,False,,False,True,87.005,32.25,29.185,25.57
0 days 02:01:38.450000,LEC,16,0 days 00:01:27.213000,37.0,3.0,,,0 days 00:00:32.458000,0 days 00:00:29.292000,0 days 00:00:25.463000,0 days 02:00:43.767000,0 days 02:01:13.059000,0 days 02:01:38.522000,235.0,283.0,279.0,304.0,False,HARD,12.0,True,Ferrari,0 days 02:00:11.237000,2023-10-08 18:01:11.242,1,5.0,False,,False,True,87.213,32.458,29.292,25.463
0 days 02:03:05.281000,LEC,16,0 days 00:01:26.831000,38.0,3.0,,,0 days 00:00:32.100000,0 days 00:00:29.249000,0 days 00:00:25.482000,0 days 02:02:10.622000,0 days 02:02:39.871000,0 days 02:03:05.353000,233.0,282.0,279.0,301.0,True,HARD,13.0,True,Ferrari,0 days 02:01:38.450000,2023-10-08 18:02:38.455,1,5.0,False,,False,True,86.831,32.1,29.249,25.482
0 days 02:04:31.908000,LEC,16,0 days 00:01:26.627000,39.0,3.0,,,0 days 00:00:32.048000,0 days 00:00:29.135000,0 days 00:00:25.444000,0 days 02:03:37.401000,0 days 02:04:06.536000,0 days 02:04:31.980000,237.0,283.0,279.0,304.0,True,HARD,14.0,True,Ferrari,0 days 02:03:05.281000,2023-10-08 18:04:05.286,1,5.0,False,,False,True,86.627,32.048,29.135,25.444
0 days 02:05:58.421000,LEC,16,0 days 00:01:26.513000,40.0,3.0,,,0 days 00:00:32.051000,0 days 00:00:29.081000,0 days 00:00:25.381000,0 days 02:05:04.031000,0 days 02:05:33.112000,0 days 02:05:58.493000,234.0,283.0,280.0,302.0,True,HARD,15.0,True,Ferrari,0 days 02:04:31.908000,2023-10-08 18:05:31.913,1,5.0,False,,False,True,86.513,32.051,29.081,25.381
0 days 02:08:51.490000,LEC,16,0 days 00:01:26.547000,42.0,3.0,,,0 days 00:00:31.959000,0 days 00:00:29.226000,0 days 00:00:25.362000,0 days 02:07:56.974000,0 days 02:08:26.200000,0 days 02:08:51.562000,236.0,283.0,280.0,303.0,False,HARD,17.0,True,Ferrari,0 days 02:07:24.943000,2023-10-08 18:08:24.948,1,5.0,False,,False,True,86.547,31.959,29.226,25.362
0 days 02:13:37.170000,LEC,16,0 days 00:01:25.956000,45.0,4.0,,,0 days 00:00:31.919000,0 days 00:00:28.858000,0 days 00:00:25.179000,0 days 02:12:43.205000,0 days 02:13:12.063000,0 days 02:13:37.242000,240.0,283.0,279.0,301.0,True,MEDIUM,2.0,True,Ferrari,0 days 02:12:11.214000,2023-10-08 18:13:11.219,1,5.0,False,,False,True,85.956,31.919,28.858,25.179
0 days 02:15:03.173000,LEC,16,0 days 00:01:26.003000,46.0,4.0,,,0 days 00:00:31.862000,0 days 00:00:28.938000,0 days 00:00:25.203000,0 days 02:14:09.104000,0 days 02:14:38.042000,0 days 02:15:03.245000,238.0,283.0,279.0,300.0,False,MEDIUM,3.0,True,Ferrari,0 days 02:13:37.170000,2023-10-08 18:14:37.175,1,5.0,False,,False,True,86.003,31.862,28.938,25.203
0 days 02:16:29.143000,LEC,16,0 days 00:01:25.970000,47.0,4.0,,,0 days 00:00:31.855000,0 days 00:00:28.850000,0 days 00:00:25.265000,0 days 02:15:35.100000,0 days 02:16:03.950000,0 days 02:16:29.215000,237.0,283.0,280.0,299.0,False,MEDIUM,4.0,True,Ferrari,0 days 02:15:03.173000,2023-10-08 18:16:03.178,1,5.0,False,,False,True,85.97,31.855,28.85,25.265
0 days 02:17:55.148000,LEC,16,0 days 00:01:26.005000,48.0,4.0,,,0 days 00:00:31.871000,0 days 00:00:28.914000,0 days 00:00:25.220000,0 days 02:17:01.086000,0 days 02:17:30,0 days 02:17:55.220000,238.0,283.0,279.0,297.0,False,MEDIUM,5.0,True,Ferrari,0 days 02:16:29.143000,2023-10-08 18:17:29.148,1,5.0,False,,False,True,86.005,31.871,28.914,25.22
0 days 02:19:21.296000,LEC,16,0 days 00:01:26.148000,49.0,4.0,,,0 days 00:00:31.786000,0 days 00:00:29,0 days 00:00:25.362000,0 days 02:18:27.006000,0 days 02:18:56.006000,0 days 02:19:21.368000,235.0,283.0,279.0,299.0,False,MEDIUM,6.0,True,Ferrari,0 days 02:17:55.148000,2023-10-08 18:18:55.153,1,5.0,False,,False,True,86.148,31.786,29.0,25.362
0 days 02:20:47.240000,LEC,16,0 days 00:01:25.944000,50.0,4.0,,,0 days 00:00:31.860000,0 days 00:00:28.766000,0 days 00:00:25.318000,0 days 02:19:53.228000,0 days 02:20:21.994000,0 days 02:20:47.312000,240.0,284.0,280.0,304.0,True,MEDIUM,7.0,True,Ferrari,0 days 02:19:21.296000,2023-10-08 18:20:21.301,1,5.0,False,,False,True,85.944,31.86,28.766,25.318
0 days 02:22:13.355000,LEC,16,0 days 00:01:26.115000,51.0,4.0,,,0 days 00:00:31.954000,0 days 00:00:28.913000,0 days 00:00:25.248000,0 days 02:21:19.266000,0 days 02:21:48.179000,0 days 02:22:13.427000,238.0,283.0,280.0,304.0,False,MEDIUM,8.0,True,Ferrari,0 days 02:20:47.240000,2023-10-08 18:21:47.245,1,5.0,False,,False,True,86.115,31.954,28.913,25.248
0 days 02:23:39.820000,LEC,16,0 days 00:01:26.465000,52.0,4.0,,,0 days 00:00:32.020000,0 days 00:00:29.034000,0 days 00:00:25.411000,0 days 02:22:45.447000,0 days 02:23:14.481000,0 days 02:23:39.892000,237.0,284.0,280.0,305.0,False,MEDIUM,9.0,True,Ferrari,0 days 02:22:13.355000,2023-10-08 18:23:13.360,1,5.0,False,,False,True,86.465,32.02,29.034,25.411
0 days 02:25:06.488000,LEC,16,0 days 00:01:26.668000,53.0,4.0,,,0 days 00:00:32.014000,0 days 00:00:29.203000,0 days 00:00:25.451000,0 days 02:24:11.906000,0 days 02:24:41.109000,0 days 02:25:06.560000,238.0,284.0,281.0,304.0,False,MEDIUM,10.0,True,Ferrari,0 days 02:23:39.820000,2023-10-08 18:24:39.825,1,5.0,False,,False,True,86.668,32.014,29.203,25.451
0 days 02:26:33.209000,LEC,16,0 days 00:01:26.721000,54.0,4.0,,,0 days 00:00:32.119000,0 days 00:00:29.127000,0 days 00:00:25.475000,0 days 02:25:38.679000,0 days 02:26:07.806000,0 days 02:26:33.281000,237.0,284.0,281.0,303.0,False,MEDIUM,11.0,True,Ferrari,0 days 02:25:06.488000,2023-10-08 18:26:06.493,1,5.0,False,,False,True,86.721,32.119,29.127,25.475
0 days 02:27:59.022000,LEC,16,0 days 00:01:25.813000,55.0,4.0,,,0 days 00:00:31.677000,0 days 00:00:29.105000,0 days 00:00:25.031000,0 days 02:27:04.958000,0 days 02:27:34.063000,0 days 02:27:59.094000,239.0,284.0,280.0,306.0,True,MEDIUM,12.0,True,Ferrari,0 days 02:26:33.209000,2023-10-08 18:27:33.214,1,5.0,False,,False,True,85.813,31.677,29.105,25.031
0 days 02:29:27.110000,LEC,16,0 days 00:01:28.088000,56.0,4.0,,,0 days 00:00:32.332000,0 days 00:00:29.577000,0 days 00:00:26.179000,0 days 02:28:31.426000,0 days 02:29:01.003000,0 days 02:29:27.182000,238.0,284.0,279.0,308.0,False,MEDIUM,13.0,True,Ferrari,0 days 02:27:59.022000,2023-10-08 18:28:59.027,1,5.0,False,,False,True,88.088,32.332,29.577,26.179
0 days 02:30:52.102000,LEC,16,0 days 00:01:24.992000,57.0,4.0,,,0 days 00:00:31.409000,0 days 00:00:28.749000,0 days 00:00:24.834000,0 days 02:29:58.591000,0 days 02:30:27.340000,0 days 02:30:52.174000,244.0,284.0,280.0,306.0,True,MEDIUM,14.0,True,Ferrari,0 days 02:29:27.110000,2023-10-08 18:30:27.115,1,5.0,False,,False,True,84.992,31.409,28.749,24.834
0 days 01:13:19.941000,ALO,14,0 days 00:01:30.881000,5.0,1.0,,,0 days 00:00:33.667000,0 days 00:00:30.332000,0 days 00:00:26.882000,0 days 01:12:22.774000,0 days 01:12:53.106000,0 days 01:13:19.988000,229.0,278.0,277.0,301.0,True,MEDIUM,10.0,False,Aston Martin,0 days 01:11:49.060000,2023-10-08 17:12:49.065,1,3.0,False,,False,True,90.881,33.667,30.332,26.882
0 days 01:14:49.526000,ALO,14,0 days 00:01:29.585000,6.0,1.0,,,0 days 00:00:32.937000,0 days 00:00:30.106000,0 days 00:00:26.542000,0 days 01:13:52.925000,0 days 01:14:23.031000,0 days 01:14:49.573000,231.0,278.0,277.0,309.0,True,MEDIUM,11.0,False,Aston Martin,0 days 01:13:19.941000,2023-10-08 17:14:19.946,1,3.0,False,,False,True,89.585,32.937,30.106,26.542
0 days 01:17:50.119000,ALO,14,0 days 00:01:30.053000,8.0,1.0,,,0 days 00:00:33.278000,0 days 00:00:30.168000,0 days 00:00:26.607000,0 days 01:16:53.391000,0 days 01:17:23.559000,0 days 01:17:50.166000,230.0,278.0,277.0,308.0,False,MEDIUM,13.0,False,Aston Martin,0 days 01:16:20.066000,2023-10-08 17:17:20.071,1,3.0,False,,False,True,90.053,33.278,30.168,26.607
0 days 01:19:19.723000,ALO,14,0 days 00:01:29.604000,9.0,1.0,,,0 days 00:00:32.935000,0 days 00:00:30.055000,0 days 00:00:26.614000,0 days 01:18:23.101000,0 days 01:18:53.156000,0 days 01:19:19.770000,232.0,280.0,277.0,309.0,False,MEDIUM,14.0,False,Aston Martin,0 days 01:17:50.119000,2023-10-08 17:18:50.124,1,3.0,False,,False,True,89.604,32.935,30.055,26.614
0 days 01:20:49.678000,ALO,14,0 days 00:01:29.955000,10.0,1.0,,,0 days 00:00:33.163000,0 days 00:00:30.219000,0 days 00:00:26.573000,0 days 01:19:52.933000,0 days 01:20:23.152000,0 days 01:20:49.725000,229.0,279.0,277.0,308.0,False,MEDIUM,15.0,False,Aston Martin,0 days 01:19:19.723000,2023-10-08 17:20:19.728,1,3.0,False,,False,True,89.955,33.163,30.219,26.573
0 days 01:25:46.458000,ALO,14,0 days 00:01:30.137000,13.0,2.0,,,0 days 00:00:33.559000,0 days 00:00:30.253000,0 days 00:00:26.325000,0 days 01:24:49.927000,0 days 01:25:20.180000,0 days 01:25:46.505000,229.0,276.0,279.0,309.0,False,MEDIUM,7.0,False,Aston Martin,0 days 01:24:16.321000,2023-10-08 17:25:16.326,1,14.0,False,,False,True,90.137,33.559,30.253,26.325
0 days 01:27:15.815000,ALO,14,0 days 00:01:29.357000,14.0,2.0,,,0 days 00:00:32.716000,0 days 00:00:30.188000,0 days 00:00:26.453000,0 days 01:26:19.221000,0 days 01:26:49.409000,0 days 01:27:15.862000,232.0,279.0,290.0,313.0,True,MEDIUM,8.0,False,Aston Martin,0 days 01:25:46.458000,2023-10-08 17:26:46.463,1,11.0,False,,False,True,89.357,32.716,30.188,26.453
0 days 01:28:45.707000,ALO,14,0 days 00:01:29.892000,15.0,2.0,,,0 days 00:00:33.017000,0 days 00:00:30.216000,0 days 00:00:26.659000,0 days 01:27:48.879000,0 days 01:28:19.095000,0 days 01:28:45.754000,231.0,280.0,286.0,342.0,False,MEDIUM,9.0,False,Aston Martin,0 days 01:27:15.815000,2023-10-08 17:28:15.820,1,9.0,False,,False,True,89.892,33.017,30.216,26.659
0 days 01:30:14.622000,ALO,14,0 days 00:01:28.915000,16.0,2.0,,,0 days 00:00:32.829000,0 days 00:00:29.788000,0 days 00:00:26.298000,0 days 01:29:18.583000,0 days 01:29:48.371000,0 days 01:30:14.669000,232.0,280.0,278.0,327.0,True,MEDIUM,10.0,False,Aston Martin,0 days 01:28:45.707000,2023-10-08 17:29:45.712,1,8.0,False,,False,True,88.915,32.829,29.788,26.298
0 days 01:33:13.542000,ALO,14,0 days 00:01:29.997000,18.0,2.0,,,0 days 00:00:33.078000,0 days 00:00:30.371000,0 days 00:00:26.548000,0 days 01:32:16.670000,0 days 01:32:47.041000,0 days 01:33:13.589000,230.0,281.0,287.0,332.0,False,MEDIUM,12.0,False,Aston Martin,0 days 01:31:43.545000,2023-10-08 17:32:43.550,1,6.0,False,,False,True,89.997,33.078,30.371,26.548
0 days 01:34:42.754000,ALO,14,0 days 00:01:29.212000,19.0,2.0,,,0 days 00:00:32.594000,0 days 00:00:30.080000,0 days 00:00:26.538000,0 days 01:33:46.183000,0 days 01:34:16.263000,0 days 01:34:42.801000,232.0,281.0,288.0,328.0,False,MEDIUM,13.0,False,Aston Martin,0 days 01:33:13.542000,2023-10-08 17:34:13.547,1,4.0,False,,False,True,89.212,32.594,30.08,26.538
0 days 01:36:11.162000,ALO,14,0 days 00:01:28.408000,20.0,2.0,,,0 days 00:00:32.312000,0 days 00:00:29.875000,0 days 00:00:26.221000,0 days 01:35:15.113000,0 days 01:35:44.988000,0 days 01:36:11.209000,231.0,277.0,278.0,327.0,True,MEDIUM,14.0,False,Aston Martin,0 days 01:34:42.754000,2023-10-08 17:35:42.759,1,3.0,False,,False,True,88.408,32.312,29.875,26.221
0 days 01:37:39.730000,ALO,14,0 days 00:01:28.568000,21.0,2.0,,,0 days 00:00:32.631000,0 days 00:00:29.765000,0 days 00:00:26.172000,0 days 01:36:43.840000,0 days 01:37:13.605000,0 days 01:37:39.777000,233.0,279.0,278.0,308.0,False,MEDIUM,15.0,False,Aston Martin,0 days 01:36:11.162000,2023-10-08 17:37:11.167,1,3.0,False,,False,True,88.568,32.631,29.765,26.172
0 days 01:39:08.203000,ALO,14,0 days 00:01:28.473000,22.0,2.0,,,0 days 00:00:32.611000,0 days 00:00:29.771000,0 days 00:00:26.091000,0 days 01:38:12.388000,0 days 01:38:42.159000,0 days 01:39:08.250000,229.0,279.0,277.0,308.0,False,MEDIUM,16.0,False,Aston Martin,0 days 01:37:39.730000,2023-10-08 17:38:39.735,1,3.0,False,,False,True,88.473,32.611,29.771,26.091
0 days 01:40:36.968000,ALO,14,0 days 00:01:28.765000,23.0,2.0,,,0 days 00:00:32.631000,0 days 00:00:29.947000,0 days 00:00:26.187000,0 days 01:39:40.881000,0 days 01:40:10.828000,0 days 01:40:37.015000,233.0,279.0,278.0,308.0,False,MEDIUM,17.0,False,Aston Martin,0 days 01:39:08.203000,2023-10-08 17:40:08.208,1,3.0,False,,False,True,88.765,32.631,29.947,26.187
0 days 01:42:05.541000,ALO,14,0 days 00:01:28.573000,24.0,2.0,,,0 days 00:00:32.585000,0 days 00:00:29.788000,0 days 00:00:26.200000,0 days 01:41:09.600000,0 days 01:41:39.388000,0 days 01:42:05.588000,232.0,278.0,278.0,308.0,False,MEDIUM,18.0,False,Aston Martin,0 days 01:40:36.968000,2023-10-08 17:41:36.973,1,3.0,False,,False,True,88.573,32.585,29.788,26.2
0 days 01:43:33.797000,ALO,14,0 days 00:01:28.256000,25.0,2.0,,,0 days 00:00:32.550000,0 days 00:00:29.725000,0 days 00:00:25.981000,0 days 01:42:38.138000,0 days 01:43:07.863000,0 days 01:43:33.844000,233.0,277.0,278.0,308.0,True,MEDIUM,19.0,False,Aston Martin,0 days 01:42:05.541000,2023-10-08 17:43:05.546,1,3.0,False,,False,True,88.256,32.55,29.725,25.981
0 days 01:48:25.301000,ALO,14,0 days 00:01:27.644000,28.0,3.0,,,0 days 00:00:32.331000,0 days 00:00:29.422000,0 days 00:00:25.891000,0 days 01:47:30.035000,0 days 01:47:59.457000,0 days 01:48:25.348000,235.0,280.0,286.0,310.0,True,HARD,2.0,True,Aston Martin,0 days 01:46:57.657000,2023-10-08 17:47:57.662,1,8.0,False,,False,True,87.644,32.331,29.422,25.891
0 days 01:49:53.207000,ALO,14,0 days 00:01:27.906000,29.0,3.0,,,0 days 00:00:32.331000,0 days 00:00:29.583000,0 days 00:00:25.992000,,0 days 01:49:27.262000,0 days 01:49:53.254000,235.0,282.0,281.0,332.0,False,HARD,3.0,True,Aston Martin,0 days 01:48:25.301000,2023-10-08 17:49:25.306,1,8.0,False,,False,True,87.906,32.331,29.583,25.992
0 days 01:51:21.025000,ALO,14,0 days 00:01:27.818000,30.0,3.0,,,0 days 00:00:32.238000,0 days 00:00:29.653000,0 days 00:00:25.927000,0 days 01:50:25.492000,0 days 01:50:55.145000,0 days 01:51:21.072000,235.0,282.0,280.0,313.0,False,HARD,4.0,True,Aston Martin,0 days 01:49:53.207000,2023-10-08 17:50:53.212,1,8.0,False,,False,True,87.818,32.238,29.653,25.927
0 days 01:52:48.786000,ALO,14,0 days 00:01:27.761000,31.0,3.0,,,0 days 00:00:32.327000,0 days 00:00:29.818000,0 days 00:00:25.616000,0 days 01:51:53.399000,0 days 01:52:23.217000,0 days 01:52:48.833000,237.0,281.0,289.0,312.0,False,HARD,5.0,True,Aston Martin,0 days 01:51:21.025000,2023-10-08 17:52:21.030,1,8.0,False,,False,True,87.761,32.327,29.818,25.616
0 days 01:54:15.712000,ALO,14,0 days 00:01:26.926000,32.0,3.0,,,0 days 00:00:32.045000,0 days 00:00:29.158000,0 days 00:00:25.723000,0 days 01:53:20.878000,0 days 01:53:50.036000,0 days 01:54:15.759000,235.0,279.0,279.0,332.0,True,HARD,6.0,True,Aston Martin,0 days 01:52:48.786000,2023-10-08 17:53:48.791,1,5.0,False,,False,True,86.926,32.045,29.158,25.723
0 days 01:57:18.898000,ALO,14,0 days 00:01:27.301000,34.0,3.0,,,0 days 00:00:32.146000,0 days 00:00:29.418000,0 days 00:00:25.737000,0 days 01:56:23.790000,0 days 01:56:53.208000,0 days 01:57:18.945000,236.0,279.0,281.0,310.0,False,HARD,8.0,True,Aston Martin,0 days 01:55:51.597000,2023-10-08 17:56:51.602,1,7.0,False,,False,True,87.301,32.146,29.418,25.737
0 days 01:58:46.167000,ALO,14,0 days 00:01:27.269000,35.0,3.0,,,0 days 00:00:32.093000,0 days 00:00:29.560000,0 days 00:00:25.616000,0 days 01:57:51.038000,0 days 01:58:20.598000,0 days 01:58:46.214000,237.0,279.0,281.0,312.0,False,HARD,9.0,True,Aston Martin,0 days 01:57:18.898000,2023-10-08 17:58:18.903,1,6.0,False,,False,True,87.269,32.093,29.56,25.616
0 days 02:00:13.351000,ALO,14,0 days 00:01:27.184000,36.0,3.0,,,0 days 00:00:32.178000,0 days 00:00:29.358000,0 days 00:00:25.648000,0 days 01:59:18.392000,0 days 01:59:47.750000,0 days 02:00:13.398000,237.0,280.0,281.0,311.0,False,HARD,10.0,True,Aston Martin,0 days 01:58:46.167000,2023-10-08 17:59:46.172,1,6.0,False,,False,True,87.184,32.178,29.358,25.648
0 days 02:01:40.574000,ALO,14,0 days 00:01:27.223000,37.0,3.0,,,0 days 00:00:32.003000,0 days 00:00:29.452000,0 days 00:00:25.768000,0 days 02:00:45.401000,0 days 02:01:14.853000,0 days 02:01:40.621000,236.0,278.0,282.0,310.0,False,HARD,11.0,True,Aston Martin,0 days 02:00:13.351000,2023-10-08 18:01:13.356,1,6.0,False,,False,True,87.223,32.003,29.452,25.768
0 days 02:03:07.724000,ALO,14,0 days 00:01:27.150000,38.0,3.0,,,0 days 00:00:32.025000,0 days 00:00:29.413000,0 days 00:00:25.712000,0 days 02:02:12.646000,0 days 02:02:42.059000,0 days 02:03:07.771000,237.0,279.0,281.0,310.0,False,HARD,12.0,True,Aston Martin,0 days 02:01:40.574000,2023-10-08 18:02:40.579,1,6.0,False,,False,True,87.15,32.025,29.413,25.712
0 days 02:04:34.614000,ALO,14,0 days 00:01:26.890000,39.0,3.0,,,0 days 00:00:31.873000,0 days 00:00:29.385000,0 days 00:00:25.632000,0 days 02:03:39.644000,0 days 02:04:09.029000,0 days 02:04:34.661000,238.0,281.0,280.0,310.0,True,HARD,13.0,True,Aston Martin,0 days 02:03:07.724000,2023-10-08 18:04:07.729,1,6.0,False,,False,True,86.89,31.873,29.385,25.632
0 days 02:06:01.842000,ALO,14,0 days 00:01:27.228000,40.0,3.0,,,0 days 00:00:32.166000,0 days 00:00:29.389000,0 days 00:00:25.673000,0 days 02:05:06.827000,0 days 02:05:36.216000,0 days 02:06:01.889000,238.0,281.0,281.0,310.0,False,HARD,14.0,True,Aston Martin,0 days 02:04:34.614000,2023-10-08 18:05:34.619,1,6.0,False,,False,True,87.228,32.166,29.389,25.673
0 days 02:08:56.573000,ALO,14,0 days 00:01:27.181000,42.0,3.0,,,0 days 00:00:32.036000,0 days 00:00:29.422000,0 days 00:00:25.723000,0 days 02:08:01.475000,0 days 02:08:30.897000,0 days 02:08:56.620000,236.0,279.0,281.0,309.0,False,HARD,16.0,True,Aston Martin,0 days 02:07:29.392000,2023-10-08 18:08:29.397,1,6.0,False,,False,True,87.181,32.036,29.422,25.723
0 days 02:10:23.489000,ALO,14,0 days 00:01:26.916000,43.0,3.0,,,0 days 00:00:31.991000,0 days 00:00:29.350000,0 days 00:00:25.575000,0 days 02:09:28.611000,0 days 02:09:57.961000,0 days 02:10:23.536000,236.0,280.0,281.0,309.0,False,HARD,17.0,True,Aston Martin,0 days 02:08:56.573000,2023-10-08 18:09:56.578,1,6.0,False,,False,True,86.916,31.991,29.35,25.575
0 days 02:15:12.558000,ALO,14,0 days 00:01:26.791000,46.0,4.0,,,0 days 00:00:31.987000,0 days 00:00:29.293000,0 days 00:00:25.511000,0 days 02:14:17.801000,0 days 02:14:47.094000,0 days 02:15:12.605000,236.0,281.0,282.0,309.0,True,MEDIUM,2.0,True,Aston Martin,0 days 02:13:45.767000,2023-10-08 18:14:45.772,1,7.0,False,,False,True,86.791,31.987,29.293,25.511
0 days 02:16:39.088000,ALO,14,0 days 00:01:26.530000,47.0,4.0,,,0 days 00:00:31.974000,0 days 00:00:29.231000,0 days 00:00:25.325000,0 days 02:15:44.579000,0 days 02:16:13.810000,0 days 02:16:39.135000,239.0,281.0,282.0,310.0,True,MEDIUM,3.0,True,Aston Martin,0 days 02:15:12.558000,2023-10-08 18:16:12.563,1,7.0,False,,False,True,86.53,31.974,29.231,25.325
0 days 02:18:05.569000,ALO,14,0 days 00:01:26.481000,48.0,4.0,,,0 days 00:00:31.899000,0 days 00:00:29.116000,0 days 00:00:25.466000,0 days 02:17:11.034000,0 days 02:17:40.150000,0 days 02:18:05.616000,240.0,280.0,281.0,310.0,True,MEDIUM,4.0,True,Aston Martin,0 days 02:16:39.088000,2023-10-08 18:17:39.093,1,7.0,False,,False,True,86.481,31.899,29.116,25.466
0 days 02:19:32.593000,ALO,14,0 days 00:01:27.024000,49.0,4.0,,,0 days 00:00:32.188000,0 days 00:00:29.169000,0 days 00:00:25.667000,0 days 02:18:37.804000,0 days 02:19:06.973000,0 days 02:19:32.640000,239.0,281.0,280.0,310.0,False,MEDIUM,5.0,True,Aston Martin,0 days 02:18:05.569000,2023-10-08 18:19:05.574,1,7.0,False,,False,True,87.024,32.188,29.169,25.667
0 days 02:20:58.746000,ALO,14,0 days 00:01:26.153000,50.0,4.0,,,0 days 00:00:31.800000,0 days 00:00:29.044000,0 days 00:00:25.309000,0 days 02:20:04.440000,0 days 02:20:33.484000,0 days 02:20:58.793000,241.0,282.0,282.0,309.0,True,MEDIUM,6.0,True,Aston Martin,0 days 02:19:32.593000,2023-10-08 18:20:32.598,1,7.0,False,,False,True,86.153,31.8,29.044,25.309
0 days 02:22:25.078000,ALO,14,0 days 00:01:26.332000,51.0,4.0,,,0 days 00:00:31.751000,0 days 00:00:29.196000,0 days 00:00:25.385000,0 days 02:21:30.544000,0 days 02:21:59.740000,0 days 02:22:25.125000,239.0,280.0,282.0,310.0,False,MEDIUM,7.0,True,Aston Martin,0 days 02:20:58.746000,2023-10-08 18:21:58.751,1,7.0,False,,False,True,86.332,31.751,29.196,25.385
0 days 02:23:51.336000,ALO,14,0 days 00:01:26.258000,52.0,4.0,,,0 days 00:00:31.780000,0 days 00:00:29.130000,0 days 00:00:25.348000,0 days 02:22:56.905000,0 days 02:23:26.035000,0 days 02:23:51.383000,239.0,281.0,281.0,311.0,False,MEDIUM,8.0,True,Aston Martin,0 days 02:22:25.078000,2023-10-08 18:23:25.083,1,6.0,False,,False,True,86.258,31.78,29.13,25.348
0 days 02:25:17.387000,ALO,14,0 days 00:01:26.051000,53.0,4.0,,,0 days 00:00:31.684000,0 days 00:00:29.031000,0 days 00:00:25.336000,0 days 02:24:23.067000,0 days 02:24:52.098000,0 days 02:25:17.434000,238.0,281.0,281.0,308.0,True,MEDIUM,9.0,True,Aston Martin,0 days 02:23:51.336000,2023-10-08 18:24:51.341,1,6.0,False,,False,True,86.051,31.684,29.031,25.336
0 days 02:26:43.666000,ALO,14,0 days 00:01:26.279000,54.0,4.0,,,0 days 00:00:31.687000,0 days 00:00:29.133000,0 days 00:00:25.459000,0 days 02:25:49.121000,0 days 02:26:18.254000,0 days 02:26:43.713000,237.0,281.0,281.0,308.0,False,MEDIUM,10.0,True,Aston Martin,0 days 02:25:17.387000,2023-10-08 18:26:17.392,1,6.0,False,,False,True,86.279,31.687,29.133,25.459
0 days 02:28:09.976000,ALO,14,0 days 00:01:26.310000,55.0,4.0,,,0 days 00:00:31.695000,0 days 00:00:29.025000,0 days 00:00:25.590000,0 days 02:27:15.408000,0 days 02:27:44.433000,0 days 02:28:10.023000,238.0,280.0,280.0,308.0,False,MEDIUM,11.0,True,Aston Martin,0 days 02:26:43.666000,2023-10-08 18:27:43.671,1,6.0,False,,False,True,86.31,31.695,29.025,25.59
0 days 02:29:36.123000,ALO,14,0 days 00:01:26.147000,56.0,4.0,,,0 days 00:00:31.709000,0 days 00:00:29.046000,0 days 00:00:25.392000,0 days 02:28:41.732000,0 days 02:29:10.778000,0 days 02:29:36.170000,240.0,281.0,281.0,308.0,False,MEDIUM,12.0,True,Aston Martin,0 days 02:28:09.976000,2023-10-08 18:29:09.981,1,6.0,False,,False,True,86.147,31.709,29.046,25.392
0 days 02:31:02.168000,ALO,14,0 days 00:01:26.045000,57.0,4.0,,,0 days 00:00:31.631000,0 days 00:00:29,0 days 00:00:25.414000,0 days 02:30:07.801000,0 days 02:30:36.801000,0 days 02:31:02.215000,241.0,280.0,283.0,308.0,True,MEDIUM,13.0,True,Aston Martin,0 days 02:29:36.123000,2023-10-08 18:30:36.128,1,6.0,False,,False,True,86.045,31.631,29.0,25.414
0 days 01:14:52.360000,OCO,31,0 days 00:01:30.547000,6.0,1.0,,,0 days 00:00:33.563000,0 days 00:00:30.201000,0 days 00:00:26.783000,0 days 01:13:55.430000,0 days 01:14:25.631000,0 days 01:14:52.414000,227.0,276.0,275.0,295.0,True,MEDIUM,13.0,False,Alpine,0 days 01:13:21.813000,2023-10-08 17:14:21.818,1,5.0,False,,False,True,90.547,33.563,30.201,26.783
0 days 01:16:22.782000,OCO,31,0 days 00:01:30.422000,7.0,1.0,,,0 days 00:00:33.475000,0 days 00:00:30.108000,0 days 00:00:26.839000,0 days 01:15:25.889000,0 days 01:15:55.997000,0 days 01:16:22.836000,227.0,276.0,274.0,294.0,True,MEDIUM,14.0,False,Alpine,0 days 01:14:52.360000,2023-10-08 17:15:52.365,1,5.0,False,,False,True,90.422,33.475,30.108,26.839
0 days 01:17:53.086000,OCO,31,0 days 00:01:30.304000,8.0,1.0,,,0 days 00:00:33.467000,0 days 00:00:30.142000,0 days 00:00:26.695000,0 days 01:16:56.303000,0 days 01:17:26.445000,0 days 01:17:53.140000,225.0,277.0,275.0,296.0,True,MEDIUM,15.0,False,Alpine,0 days 01:16:22.782000,2023-10-08 17:17:22.787,1,5.0,False,,False,True,90.304,33.467,30.142,26.695
0 days 01:19:23.387000,OCO,31,0 days 00:01:30.301000,9.0,1.0,,,0 days 00:00:33.397000,0 days 00:00:30.173000,0 days 00:00:26.731000,0 days 01:18:26.537000,0 days 01:18:56.710000,0 days 01:19:23.441000,226.0,277.0,274.0,296.0,True,MEDIUM,16.0,False,Alpine,0 days 01:17:53.086000,2023-10-08 17:18:53.091,1,5.0,False,,False,True,90.301,33.397,30.173,26.731
0 days 01:24:21.365000,OCO,31,0 days 00:01:29.933000,12.0,2.0,,,0 days 00:00:33.385000,0 days 00:00:30.007000,0 days 00:00:26.541000,0 days 01:23:24.871000,0 days 01:23:54.878000,0 days 01:24:21.419000,226.0,279.0,274.0,301.0,True,MEDIUM,7.0,False,Alpine,0 days 01:22:51.432000,2023-10-08 17:23:51.437,1,16.0,False,,False,True,89.933,33.385,30.007,26.541
0 days 01:25:51.108000,OCO,31,0 days 00:01:29.743000,13.0,2.0,,,0 days 00:00:33.500000,0 days 00:00:30.087000,0 days 00:00:26.156000,0 days 01:24:54.919000,0 days 01:25:25.006000,0 days 01:25:51.162000,227.0,278.0,276.0,293.0,True,MEDIUM,8.0,False,Alpine,0 days 01:24:21.365000,2023-10-08 17:25:21.370,1,16.0,False,,False,True,89.743,33.5,30.087,26.156
0 days 01:27:20.538000,OCO,31,0 days 00:01:29.430000,14.0,2.0,,,0 days 00:00:33.151000,0 days 00:00:30.038000,0 days 00:00:26.241000,0 days 01:26:24.313000,0 days 01:26:54.351000,0 days 01:27:20.592000,227.0,277.0,277.0,295.0,True,MEDIUM,9.0,False,Alpine,0 days 01:25:51.108000,2023-10-08 17:26:51.113,1,14.0,False,,False,True,89.43,33.151,30.038,26.241
0 days 01:28:49.844000,OCO,31,0 days 00:01:29.306000,15.0,2.0,,,0 days 00:00:33.109000,0 days 00:00:30.157000,0 days 00:00:26.040000,0 days 01:27:53.701000,0 days 01:28:23.858000,0 days 01:28:49.898000,227.0,280.0,276.0,298.0,True,MEDIUM,10.0,False,Alpine,0 days 01:27:20.538000,2023-10-08 17:28:20.543,1,13.0,False,,False,True,89.306,33.109,30.157,26.04
0 days 01:30:19.490000,OCO,31,0 days 00:01:29.646000,16.0,2.0,,,0 days 00:00:33.137000,0 days 00:00:30.122000,0 days 00:00:26.387000,0 days 01:29:23.035000,0 days 01:29:53.157000,0 days 01:30:19.544000,225.0,283.0,284.0,300.0,False,MEDIUM,11.0,False,Alpine,0 days 01:28:49.844000,2023-10-08 17:29:49.849,1,13.0,False,,False,True,89.646,33.137,30.122,26.387
0 days 01:31:49.248000,OCO,31,0 days 00:01:29.758000,17.0,2.0,,,0 days 00:00:33.074000,0 days 00:00:30.291000,0 days 00:00:26.393000,0 days 01:30:52.618000,0 days 01:31:22.909000,0 days 01:31:49.302000,225.0,283.0,284.0,331.0,False,MEDIUM,12.0,False,Alpine,0 days 01:30:19.490000,2023-10-08 17:31:19.495,1,12.0,False,,False,True,89.758,33.074,30.291,26.393
0 days 01:33:18.904000,OCO,31,0 days 00:01:29.656000,18.0,2.0,,,0 days 00:00:32.988000,0 days 00:00:30.187000,0 days 00:00:26.481000,0 days 01:32:22.290000,0 days 01:32:52.477000,0 days 01:33:18.958000,227.0,281.0,277.0,328.0,False,MEDIUM,13.0,False,Alpine,0 days 01:31:49.248000,2023-10-08 17:32:49.253,1,10.0,False,,False,True,89.656,32.988,30.187,26.481
0 days 01:34:48.281000,OCO,31,0 days 00:01:29.377000,19.0,2.0,,,0 days 00:00:33.157000,0 days 00:00:29.904000,0 days 00:00:26.316000,0 days 01:33:52.115000,0 days 01:34:22.019000,0 days 01:34:48.335000,228.0,280.0,277.0,297.0,False,MEDIUM,14.0,False,Alpine,0 days 01:33:18.904000,2023-10-08 17:34:18.909,1,8.0,False,,False,True,89.377,33.157,29.904,26.316
0 days 01:36:17.768000,OCO,31,0 days 00:01:29.487000,20.0,2.0,,,0 days 00:00:33.128000,0 days 00:00:30.038000,0 days 00:00:26.321000,0 days 01:35:21.463000,0 days 01:35:51.501000,0 days 01:36:17.822000,227.0,278.0,277.0,296.0,False,MEDIUM,15.0,False,Alpine,0 days 01:34:48.281000,2023-10-08 17:35:48.286,1,8.0,False,,False,True,89.487,33.128,30.038,26.321
0 days 01:37:47.298000,OCO,31,0 days 00:01:29.530000,21.0,2.0,,,0 days 00:00:33.068000,0 days 00:00:30.104000,0 days 00:00:26.358000,0 days 01:36:50.890000,0 days 01:37:20.994000,0 days 01:37:47.352000,226.0,282.0,278.0,299.0,False,MEDIUM,16.0,False,Alpine,0 days 01:36:17.768000,2023-10-08 17:37:17.773,1,6.0,False,,False,True,89.53,33.068,30.104,26.358
0 days 01:39:16.484000,OCO,31,0 days 00:01:29.186000,22.0,2.0,,,0 days 00:00:32.903000,0 days 00:00:30.113000,0 days 00:00:26.170000,0 days 01:38:20.255000,0 days 01:38:50.368000,0 days 01:39:16.538000,225.0,280.0,276.0,300.0,True,MEDIUM,17.0,False,Alpine,0 days 01:37:47.298000,2023-10-08 17:38:47.303,1,6.0,False,,False,True,89.186,32.903,30.113,26.17
0 days 01:40:45.334000,OCO,31,0 days 00:01:28.850000,23.0,2.0,,,0 days 00:00:32.937000,0 days 00:00:29.736000,0 days 00:00:26.177000,0 days 01:39:49.475000,0 days 01:40:19.211000,0 days 01:40:45.388000,227.0,279.0,276.0,295.0,True,MEDIUM,18.0,False,Alpine,0 days 01:39:16.484000,2023-10-08 17:40:16.489,1,6.0,False,,False,True,88.85,32.937,29.736,26.177
0 days 01:42:14.052000,OCO,31,0 days 00:01:28.718000,24.0,2.0,,,0 days 00:00:32.909000,0 days 00:00:29.782000,0 days 00:00:26.027000,0 days 01:41:18.297000,0 days 01:41:48.079000,0 days 01:42:14.106000,227.0,281.0,276.0,295.0,True,MEDIUM,19.0,False,Alpine,0 days 01:40:45.334000,2023-10-08 17:41:45.339,1,6.0,False,,False,True,88.718,32.909,29.782,26.027
0 days 01:47:08.479000,OCO,31,0 days 00:01:28.693000,27.0,3.0,,,0 days 00:00:32.975000,0 days 00:00:29.650000,0 days 00:00:26.068000,0 days 01:46:12.815000,0 days 01:46:42.465000,0 days 01:47:08.533000,229.0,276.0,276.0,299.0,True,HARD,2.0,True,Alpine,0 days 01:45:39.786000,2023-10-08 17:46:39.791,1,13.0,False,,False,True,88.693,32.975,29.65,26.068
0 days 01:48:36.456000,OCO,31,0 days 00:01:27.977000,28.0,3.0,,,0 days 00:00:32.522000,0 days 00:00:29.539000,0 days 00:00:25.916000,0 days 01:47:41.055000,0 days 01:48:10.594000,0 days 01:48:36.510000,231.0,280.0,276.0,294.0,True,HARD,3.0,True,Alpine,0 days 01:47:08.479000,2023-10-08 17:48:08.484,1,12.0,False,,False,True,87.977,32.522,29.539,25.916
0 days 01:50:04.344000,OCO,31,0 days 00:01:27.888000,29.0,3.0,,,0 days 00:00:32.698000,0 days 00:00:29.450000,0 days 00:00:25.740000,0 days 01:49:09.208000,0 days 01:49:38.658000,0 days 01:50:04.398000,230.0,280.0,277.0,296.0,True,HARD,4.0,True,Alpine,0 days 01:48:36.456000,2023-10-08 17:49:36.461,1,12.0,False,,False,True,87.888,32.698,29.45,25.74
0 days 01:51:31.939000,OCO,31,0 days 00:01:27.595000,30.0,3.0,,,0 days 00:00:32.586000,0 days 00:00:29.481000,0 days 00:00:25.528000,0 days 01:50:36.984000,0 days 01:51:06.465000,0 days 01:51:31.993000,227.0,280.0,277.0,295.0,True,HARD,5.0,True,Alpine,0 days 01:50:04.344000,2023-10-08 17:51:04.349,1,12.0,False,,False,True,87.595,32.586,29.481,25.528
0 days 01:52:59.389000,OCO,31,0 days 00:01:27.450000,31.0,3.0,,,0 days 00:00:32.467000,0 days 00:00:29.386000,0 days 00:00:25.597000,0 days 01:52:04.460000,0 days 01:52:33.846000,0 days 01:52:59.443000,229.0,281.0,277.0,294.0,True,HARD,6.0,True,Alpine,0 days 01:51:31.939000,2023-10-08 17:52:31.944,1,12.0,False,,False,True,87.45,32.467,29.386,25.597
0 days 01:54:26.682000,OCO,31,0 days 00:01:27.293000,32.0,3.0,,,0 days 00:00:32.287000,0 days 00:00:29.370000,0 days 00:00:25.636000,0 days 01:53:31.730000,0 days 01:54:01.100000,0 days 01:54:26.736000,230.0,282.0,277.0,297.0,True,HARD,7.0,True,Alpine,0 days 01:52:59.389000,2023-10-08 17:53:59.394,1,10.0,False,,False,True,87.293,32.287,29.37,25.636
0 days 01:57:22.642000,OCO,31,0 days 00:01:27.892000,34.0,3.0,,,0 days 00:00:32.561000,0 days 00:00:29.627000,0 days 00:00:25.704000,0 days 01:56:27.365000,0 days 01:56:56.992000,0 days 01:57:22.696000,230.0,284.0,284.0,298.0,False,HARD,9.0,True,Alpine,0 days 01:55:54.750000,2023-10-08 17:56:54.755,1,10.0,False,,False,True,87.892,32.561,29.627,25.704
0 days 01:58:50.455000,OCO,31,0 days 00:01:27.813000,35.0,3.0,,,0 days 00:00:32.478000,0 days 00:00:29.613000,0 days 00:00:25.722000,0 days 01:57:55.174000,0 days 01:58:24.787000,0 days 01:58:50.509000,231.0,285.0,286.0,317.0,False,HARD,10.0,True,Alpine,0 days 01:57:22.642000,2023-10-08 17:58:22.647,1,10.0,False,,False,True,87.813,32.478,29.613,25.722
0 days 02:00:18.089000,OCO,31,0 days 00:01:27.634000,36.0,3.0,,,0 days 00:00:32.332000,0 days 00:00:29.538000,0 days 00:00:25.764000,0 days 01:59:22.841000,0 days 01:59:52.379000,0 days 02:00:18.143000,231.0,284.0,284.0,331.0,False,HARD,11.0,True,Alpine,0 days 01:58:50.455000,2023-10-08 17:59:50.460,1,8.0,False,,False,True,87.634,32.332,29.538,25.764
0 days 02:01:46.153000,OCO,31,0 days 00:01:28.064000,37.0,3.0,,,0 days 00:00:32.553000,0 days 00:00:29.515000,0 days 00:00:25.996000,0 days 02:00:50.696000,0 days 02:01:20.211000,0 days 02:01:46.207000,228.0,285.0,285.0,318.0,False,HARD,12.0,True,Alpine,0 days 02:00:18.089000,2023-10-08 18:01:18.094,1,8.0,False,,False,True,88.064,32.553,29.515,25.996
0 days 02:03:13.418000,OCO,31,0 days 00:01:27.265000,38.0,3.0,,,0 days 00:00:32.001000,0 days 00:00:29.433000,0 days 00:00:25.831000,0 days 02:02:18.208000,0 days 02:02:47.641000,0 days 02:03:13.472000,231.0,281.0,277.0,323.0,True,HARD,13.0,True,Alpine,0 days 02:01:46.153000,2023-10-08 18:02:46.158,1,7.0,False,,False,True,87.265,32.001,29.433,25.831
0 days 02:04:40.844000,OCO,31,0 days 00:01:27.426000,39.0,3.0,,,0 days 00:00:32.291000,0 days 00:00:29.520000,0 days 00:00:25.615000,0 days 02:03:45.763000,0 days 02:04:15.283000,0 days 02:04:40.898000,231.0,281.0,277.0,293.0,False,HARD,14.0,True,Alpine,0 days 02:03:13.418000,2023-10-08 18:04:13.423,1,7.0,False,,False,True,87.426,32.291,29.52,25.615
0 days 02:06:07.605000,OCO,31,0 days 00:01:26.761000,40.0,3.0,,,0 days 00:00:32.107000,0 days 00:00:29.207000,0 days 00:00:25.447000,0 days 02:05:13.005000,0 days 02:05:42.212000,0 days 02:06:07.659000,232.0,281.0,278.0,293.0,True,HARD,15.0,True,Alpine,0 days 02:04:40.844000,2023-10-08 18:05:40.849,1,7.0,False,,False,True,86.761,32.107,29.207,25.447
0 days 02:09:00.888000,OCO,31,0 days 00:01:26.450000,42.0,3.0,,,0 days 00:00:31.951000,0 days 00:00:29.173000,0 days 00:00:25.326000,0 days 02:08:06.443000,0 days 02:08:35.616000,0 days 02:09:00.942000,233.0,282.0,278.0,292.0,True,HARD,17.0,True,Alpine,0 days 02:07:34.438000,2023-10-08 18:08:34.443,1,7.0,False,,False,True,86.45,31.951,29.173,25.326
0 days 02:13:51.479000,OCO,31,0 days 00:01:27.849000,45.0,4.0,,,0 days 00:00:32.702000,0 days 00:00:29.457000,0 days 00:00:25.690000,0 days 02:12:56.386000,0 days 02:13:25.843000,0 days 02:13:51.533000,231.0,280.0,277.0,282.0,False,MEDIUM,2.0,True,Alpine,0 days 02:12:23.630000,2023-10-08 18:13:23.635,1,8.0,False,,False,True,87.849,32.702,29.457,25.69
0 days 02:15:18.017000,OCO,31,0 days 00:01:26.538000,46.0,4.0,,,0 days 00:00:32.139000,0 days 00:00:29.065000,0 days 00:00:25.334000,0 days 02:14:23.672000,0 days 02:14:52.737000,0 days 02:15:18.071000,233.0,281.0,278.0,291.0,False,MEDIUM,3.0,True,Alpine,0 days 02:13:51.479000,2023-10-08 18:14:51.484,1,8.0,False,,False,True,86.538,32.139,29.065,25.334
0 days 02:16:44.754000,OCO,31,0 days 00:01:26.737000,47.0,4.0,,,0 days 00:00:32.327000,0 days 00:00:29.050000,0 days 00:00:25.360000,0 days 02:15:50.398000,0 days 02:16:19.448000,0 days 02:16:44.808000,232.0,282.0,277.0,288.0,False,MEDIUM,4.0,True,Alpine,0 days 02:15:18.017000,2023-10-08 18:16:18.022,1,8.0,False,,False,True,86.737,32.327,29.05,25.36
0 days 02:18:11.212000,OCO,31,0 days 00:01:26.458000,48.0,4.0,,,0 days 00:00:32.204000,0 days 00:00:29.020000,0 days 00:00:25.234000,0 days 02:17:17.012000,0 days 02:17:46.032000,0 days 02:18:11.266000,234.0,282.0,278.0,294.0,False,MEDIUM,5.0,True,Alpine,0 days 02:16:44.754000,2023-10-08 18:17:44.759,1,8.0,False,,False,True,86.458,32.204,29.02,25.234
0 days 02:19:37.980000,OCO,31,0 days 00:01:26.768000,49.0,4.0,,,0 days 00:00:32.267000,0 days 00:00:29.164000,0 days 00:00:25.337000,0 days 02:18:43.533000,0 days 02:19:12.697000,0 days 02:19:38.034000,232.0,281.0,278.0,290.0,False,MEDIUM,6.0,True,Alpine,0 days 02:18:11.212000,2023-10-08 18:19:11.217,1,8.0,False,,False,True,86.768,32.267,29.164,25.337
0 days 02:21:04.447000,OCO,31,0 days 00:01:26.467000,50.0,4.0,,,0 days 00:00:32.163000,0 days 00:00:29.030000,0 days 00:00:25.274000,0 days 02:20:10.197000,0 days 02:20:39.227000,0 days 02:21:04.501000,232.0,279.0,277.0,290.0,False,MEDIUM,7.0,True,Alpine,0 days 02:19:37.980000,2023-10-08 18:20:37.985,1,8.0,False,,False,True,86.467,32.163,29.03,25.274
0 days 02:22:31.334000,OCO,31,0 days 00:01:26.887000,51.0,4.0,,,0 days 00:00:32.267000,0 days 00:00:29.257000,0 days 00:00:25.363000,0 days 02:21:36.768000,0 days 02:22:06.025000,0 days 02:22:31.388000,234.0,281.0,278.0,291.0,False,MEDIUM,8.0,True,Alpine,0 days 02:21:04.447000,2023-10-08 18:22:04.452,1,8.0,False,,False,True,86.887,32.267,29.257,25.363
0 days 02:23:58.140000,OCO,31,0 days 00:01:26.806000,52.0,4.0,,,0 days 00:00:32.190000,0 days 00:00:29.163000,0 days 00:00:25.453000,0 days 02:23:03.578000,0 days 02:23:32.741000,0 days 02:23:58.194000,235.0,278.0,277.0,292.0,False,MEDIUM,9.0,True,Alpine,0 days 02:22:31.334000,2023-10-08 18:23:31.339,1,8.0,False,,False,True,86.806,32.19,29.163,25.453
0 days 02:25:25.108000,OCO,31,0 days 00:01:26.968000,53.0,4.0,,,0 days 00:00:32.248000,0 days 00:00:29.304000,0 days 00:00:25.416000,0 days 02:24:30.442000,0 days 02:24:59.746000,0 days 02:25:25.162000,232.0,276.0,277.0,291.0,False,MEDIUM,10.0,True,Alpine,0 days 02:23:58.140000,2023-10-08 18:24:58.145,1,7.0,False,,False,True,86.968,32.248,29.304,25.416
0 days 02:26:52.197000,OCO,31,0 days 00:01:27.089000,54.0,4.0,,,0 days 00:00:32.388000,0 days 00:00:29.245000,0 days 00:00:25.456000,0 days 02:25:57.550000,0 days 02:26:26.795000,0 days 02:26:52.251000,236.0,281.0,277.0,292.0,False,MEDIUM,11.0,True,Alpine,0 days 02:25:25.108000,2023-10-08 18:26:25.113,1,7.0,False,,False,True,87.089,32.388,29.245,25.456
0 days 02:28:19.437000,OCO,31,0 days 00:01:27.240000,55.0,4.0,,,0 days 00:00:32.155000,0 days 00:00:29.221000,0 days 00:00:25.864000,0 days 02:27:24.406000,0 days 02:27:53.627000,0 days 02:28:19.491000,237.0,277.0,277.0,293.0,False,MEDIUM,12.0,True,Alpine,0 days 02:26:52.197000,2023-10-08 18:27:52.202,1,7.0,False,,False,True,87.24,32.155,29.221,25.864
0 days 02:29:46.845000,OCO,31,0 days 00:01:27.408000,56.0,4.0,,,0 days 00:00:32.343000,0 days 00:00:29.214000,0 days 00:00:25.851000,0 days 02:28:51.834000,0 days 02:29:21.048000,0 days 02:29:46.899000,234.0,277.0,277.0,293.0,False,MEDIUM,13.0,True,Alpine,0 days 02:28:19.437000,2023-10-08 18:29:19.442,1,7.0,False,,False,True,87.408,32.343,29.214,25.851
0 days 02:31:15.544000,OCO,31,0 days 00:01:28.699000,57.0,4.0,,,0 days 00:00:32.803000,0 days 00:00:29.726000,0 days 00:00:26.170000,0 days 02:30:19.702000,0 days 02:30:49.428000,0 days 02:31:15.598000,213.0,276.0,277.0,293.0,False,MEDIUM,14.0,True,Alpine,0 days 02:29:46.845000,2023-10-08 18:30:46.850,1,7.0,False,,False,True,88.699,32.803,29.726,26.17
0 days 01:13:27.748000,BOT,77,0 days 00:01:34.030000,5.0,2.0,,,0 days 00:00:35.247000,0 days 00:00:31.273000,0 days 00:00:27.510000,0 days 01:12:28.986000,0 days 01:13:00.259000,0 days 01:13:27.769000,222.0,284.0,275.0,309.0,True,MEDIUM,2.0,True,Alfa Romeo,0 days 01:11:53.718000,2023-10-08 17:12:53.723,1,15.0,False,,False,True,94.03,35.247,31.273,27.51
0 days 01:15:00.321000,BOT,77,0 days 00:01:32.573000,6.0,2.0,,,0 days 00:00:34.260000,0 days 00:00:31.138000,0 days 00:00:27.175000,0 days 01:14:02.029000,0 days 01:14:33.167000,0 days 01:15:00.342000,221.0,279.0,277.0,296.0,True,MEDIUM,3.0,True,Alfa Romeo,0 days 01:13:27.748000,2023-10-08 17:14:27.753,1,15.0,False,,False,True,92.573,34.26,31.138,27.175
0 days 01:16:31.969000,BOT,77,0 days 00:01:31.648000,7.0,2.0,,,0 days 00:00:33.991000,0 days 00:00:30.639000,0 days 00:00:27.018000,0 days 01:15:34.333000,0 days 01:16:04.972000,0 days 01:16:31.990000,218.0,279.0,282.0,298.0,True,MEDIUM,4.0,True,Alfa Romeo,0 days 01:15:00.321000,2023-10-08 17:16:00.326,1,15.0,False,,False,True,91.648,33.991,30.639,27.018
0 days 01:18:03.009000,BOT,77,0 days 00:01:31.040000,8.0,2.0,,,0 days 00:00:33.284000,0 days 00:00:30.704000,0 days 00:00:27.052000,0 days 01:17:05.274000,0 days 01:17:35.978000,0 days 01:18:03.030000,221.0,280.0,276.0,321.0,True,MEDIUM,5.0,True,Alfa Romeo,0 days 01:16:31.969000,2023-10-08 17:17:31.974,1,15.0,False,,False,True,91.04,33.284,30.704,27.052
0 days 01:22:36.471000,BOT,77,0 days 00:01:31.227000,11.0,2.0,,,0 days 00:00:33.484000,0 days 00:00:30.655000,0 days 00:00:27.088000,0 days 01:21:38.749000,0 days 01:22:09.404000,0 days 01:22:36.492000,217.0,275.0,276.0,327.0,False,MEDIUM,8.0,True,Alfa Romeo,0 days 01:21:05.244000,2023-10-08 17:22:05.249,1,13.0,False,,False,True,91.227,33.484,30.655,27.088
0 days 01:24:07.760000,BOT,77,0 days 00:01:31.289000,12.0,2.0,,,0 days 00:00:33.943000,0 days 00:00:30.604000,0 days 00:00:26.742000,0 days 01:23:10.435000,0 days 01:23:41.039000,0 days 01:24:07.781000,216.0,277.0,275.0,296.0,False,MEDIUM,9.0,True,Alfa Romeo,0 days 01:22:36.471000,2023-10-08 17:23:36.476,1,11.0,False,,False,True,91.289,33.943,30.604,26.742
0 days 01:27:09.347000,BOT,77,0 days 00:01:30.445000,14.0,2.0,,,0 days 00:00:33.466000,0 days 00:00:30.349000,0 days 00:00:26.630000,0 days 01:26:12.389000,0 days 01:26:42.738000,0 days 01:27:09.368000,217.0,277.0,274.0,303.0,True,MEDIUM,11.0,True,Alfa Romeo,0 days 01:25:38.902000,2023-10-08 17:26:38.907,1,6.0,False,,False,True,90.445,33.466,30.349,26.63
0 days 01:28:40.321000,BOT,77,0 days 00:01:30.974000,15.0,2.0,,,0 days 00:00:33.599000,0 days 00:00:30.469000,0 days 00:00:26.906000,0 days 01:27:42.967000,0 days 01:28:13.436000,0 days 01:28:40.342000,218.0,276.0,273.0,290.0,False,MEDIUM,12.0,True,Alfa Romeo,0 days 01:27:09.347000,2023-10-08 17:28:09.352,1,5.0,False,,False,True,90.974,33.599,30.469,26.906
0 days 01:30:10.387000,BOT,77,0 days 00:01:30.066000,16.0,2.0,,,0 days 00:00:33.274000,0 days 00:00:30.214000,0 days 00:00:26.578000,0 days 01:29:13.616000,0 days 01:29:43.830000,0 days 01:30:10.408000,221.0,278.0,273.0,298.0,True,MEDIUM,13.0,True,Alfa Romeo,0 days 01:28:40.321000,2023-10-08 17:29:40.326,1,5.0,False,,False,True,90.066,33.274,30.214,26.578
0 days 01:31:40.649000,BOT,77,0 days 00:01:30.262000,17.0,2.0,,,0 days 00:00:33.317000,0 days 00:00:30.345000,0 days 00:00:26.600000,0 days 01:30:43.725000,0 days 01:31:14.070000,0 days 01:31:40.670000,223.0,278.0,272.0,293.0,False,MEDIUM,14.0,True,Alfa Romeo,0 days 01:30:10.387000,2023-10-08 17:31:10.392,1,5.0,False,,False,True,90.262,33.317,30.345,26.6
0 days 01:33:11.935000,BOT,77,0 days 00:01:31.286000,18.0,2.0,,,0 days 00:00:34.076000,0 days 00:00:30.308000,0 days 00:00:26.902000,0 days 01:32:14.746000,0 days 01:32:45.054000,0 days 01:33:11.956000,221.0,280.0,273.0,296.0,False,MEDIUM,15.0,True,Alfa Romeo,0 days 01:31:40.649000,2023-10-08 17:32:40.654,1,5.0,False,,False,True,91.286,34.076,30.308,26.902
0 days 01:34:42.378000,BOT,77,0 days 00:01:30.443000,19.0,2.0,,,0 days 00:00:33.365000,0 days 00:00:30.231000,0 days 00:00:26.847000,0 days 01:33:45.321000,0 days 01:34:15.552000,0 days 01:34:42.399000,217.0,278.0,274.0,292.0,False,MEDIUM,16.0,True,Alfa Romeo,0 days 01:33:11.935000,2023-10-08 17:34:11.940,1,3.0,False,,False,True,90.443,33.365,30.231,26.847
0 days 01:36:13.009000,BOT,77,0 days 00:01:30.631000,20.0,2.0,,,0 days 00:00:33.773000,0 days 00:00:30.322000,0 days 00:00:26.536000,0 days 01:35:16.172000,0 days 01:35:46.494000,0 days 01:36:13.030000,223.0,278.0,274.0,291.0,False,MEDIUM,17.0,True,Alfa Romeo,0 days 01:34:42.378000,2023-10-08 17:35:42.383,1,4.0,False,,False,True,90.631,33.773,30.322,26.536
0 days 01:41:08.927000,BOT,77,0 days 00:01:28.657000,23.0,3.0,,,0 days 00:00:32.765000,0 days 00:00:29.556000,0 days 00:00:26.336000,0 days 01:40:13.056000,0 days 01:40:42.612000,0 days 01:41:08.948000,229.0,276.0,273.0,295.0,True,HARD,2.0,True,Alfa Romeo,0 days 01:39:40.270000,2023-10-08 17:40:40.275,1,14.0,False,,False,True,88.657,32.765,29.556,26.336
0 days 01:42:37.453000,BOT,77,0 days 00:01:28.526000,24.0,3.0,,,0 days 00:00:32.843000,0 days 00:00:29.508000,0 days 00:00:26.175000,0 days 01:41:41.791000,0 days 01:42:11.299000,0 days 01:42:37.474000,229.0,276.0,274.0,292.0,True,HARD,3.0,True,Alfa Romeo,0 days 01:41:08.927000,2023-10-08 17:42:08.932,1,14.0,False,,False,True,88.526,32.843,29.508,26.175
0 days 01:44:05.778000,BOT,77,0 days 00:01:28.325000,25.0,3.0,,,0 days 00:00:32.548000,0 days 00:00:29.538000,0 days 00:00:26.239000,0 days 01:43:10.022000,0 days 01:43:39.560000,0 days 01:44:05.799000,230.0,277.0,275.0,292.0,True,HARD,4.0,True,Alfa Romeo,0 days 01:42:37.453000,2023-10-08 17:43:37.458,1,14.0,False,,False,True,88.325,32.548,29.538,26.239
0 days 01:45:34.158000,BOT,77,0 days 00:01:28.380000,26.0,3.0,,,0 days 00:00:32.994000,0 days 00:00:29.513000,0 days 00:00:25.873000,0 days 01:44:38.793000,0 days 01:45:08.306000,0 days 01:45:34.179000,228.0,277.0,276.0,291.0,False,HARD,5.0,True,Alfa Romeo,0 days 01:44:05.778000,2023-10-08 17:45:05.783,1,12.0,False,,False,True,88.38,32.994,29.513,25.873
0 days 01:47:02.079000,BOT,77,0 days 00:01:27.921000,27.0,3.0,,,0 days 00:00:32.436000,0 days 00:00:29.541000,0 days 00:00:25.944000,0 days 01:46:06.615000,0 days 01:46:36.156000,0 days 01:47:02.100000,228.0,277.0,275.0,299.0,True,HARD,6.0,True,Alfa Romeo,0 days 01:45:34.158000,2023-10-08 17:46:34.163,1,9.0,False,,False,True,87.921,32.436,29.541,25.944
0 days 01:48:30.028000,BOT,77,0 days 00:01:27.949000,28.0,3.0,,,0 days 00:00:32.320000,0 days 00:00:29.532000,0 days 00:00:26.097000,0 days 01:47:34.420000,0 days 01:48:03.952000,0 days 01:48:30.049000,230.0,277.0,275.0,292.0,False,HARD,7.0,True,Alfa Romeo,0 days 01:47:02.079000,2023-10-08 17:48:02.084,1,9.0,False,,False,True,87.949,32.32,29.532,26.097
0 days 01:49:57.749000,BOT,77,0 days 00:01:27.721000,29.0,3.0,,,0 days 00:00:32.473000,0 days 00:00:29.351000,0 days 00:00:25.897000,0 days 01:49:02.522000,0 days 01:49:31.873000,0 days 01:49:57.770000,229.0,278.0,275.0,298.0,True,HARD,8.0,True,Alfa Romeo,0 days 01:48:30.028000,2023-10-08 17:49:30.033,1,9.0,False,,False,True,87.721,32.473,29.351,25.897
0 days 01:51:25.756000,BOT,77,0 days 00:01:28.007000,30.0,3.0,,,0 days 00:00:32.477000,0 days 00:00:29.453000,0 days 00:00:26.077000,0 days 01:50:30.247000,0 days 01:50:59.700000,0 days 01:51:25.777000,230.0,278.0,275.0,296.0,False,HARD,9.0,True,Alfa Romeo,0 days 01:49:57.749000,2023-10-08 17:50:57.754,1,9.0,False,,False,True,88.007,32.477,29.453,26.077
0 days 01:52:53.815000,BOT,77,0 days 00:01:28.059000,31.0,3.0,,,0 days 00:00:32.419000,0 days 00:00:29.468000,0 days 00:00:26.172000,0 days 01:51:58.196000,0 days 01:52:27.664000,0 days 01:52:53.836000,232.0,278.0,276.0,296.0,False,HARD,10.0,True,Alfa Romeo,0 days 01:51:25.756000,2023-10-08 17:52:25.761,1,9.0,False,,False,True,88.059,32.419,29.468,26.172
0 days 01:54:21.983000,BOT,77,0 days 00:01:28.168000,32.0,3.0,,,0 days 00:00:32.665000,0 days 00:00:29.450000,0 days 00:00:26.053000,0 days 01:53:26.501000,0 days 01:53:55.951000,0 days 01:54:22.004000,226.0,279.0,276.0,297.0,False,HARD,11.0,True,Alfa Romeo,0 days 01:52:53.815000,2023-10-08 17:53:53.820,1,7.0,False,,False,True,88.168,32.665,29.45,26.053
0 days 01:57:20.784000,BOT,77,0 days 00:01:28.121000,34.0,3.0,,,0 days 00:00:32.460000,0 days 00:00:29.561000,0 days 00:00:26.100000,0 days 01:56:25.144000,0 days 01:56:54.705000,0 days 01:57:20.805000,226.0,280.0,277.0,316.0,False,HARD,13.0,True,Alfa Romeo,0 days 01:55:52.663000,2023-10-08 17:56:52.668,1,8.0,False,,False,True,88.121,32.46,29.561,26.1
0 days 01:58:49.019000,BOT,77,0 days 00:01:28.235000,35.0,3.0,,,0 days 00:00:32.506000,0 days 00:00:29.476000,0 days 00:00:26.253000,0 days 01:57:53.311000,0 days 01:58:22.787000,0 days 01:58:49.040000,226.0,278.0,275.0,296.0,False,HARD,14.0,True,Alfa Romeo,0 days 01:57:20.784000,2023-10-08 17:58:20.789,1,8.0,False,,False,True,88.235,32.506,29.476,26.253
0 days 02:00:17.501000,BOT,77,0 days 00:01:28.482000,36.0,3.0,,,0 days 00:00:32.602000,0 days 00:00:29.736000,0 days 00:00:26.144000,0 days 01:59:21.642000,0 days 01:59:51.378000,0 days 02:00:17.522000,226.0,278.0,277.0,294.0,False,HARD,15.0,True,Alfa Romeo,0 days 01:58:49.019000,2023-10-08 17:59:49.024,1,7.0,False,,False,True,88.482,32.602,29.736,26.144
0 days 02:01:45.713000,BOT,77,0 days 00:01:28.212000,37.0,3.0,,,0 days 00:00:32.560000,0 days 00:00:29.588000,0 days 00:00:26.064000,0 days 02:00:50.082000,0 days 02:01:19.670000,0 days 02:01:45.734000,232.0,277.0,277.0,300.0,False,HARD,16.0,True,Alfa Romeo,0 days 02:00:17.501000,2023-10-08 18:01:17.506,1,7.0,False,,False,True,88.212,32.56,29.588,26.064
0 days 02:03:15.104000,BOT,77,0 days 00:01:29.391000,38.0,3.0,,,0 days 00:00:33.383000,0 days 00:00:29.887000,0 days 00:00:26.121000,0 days 02:02:19.117000,0 days 02:02:49.004000,0 days 02:03:15.125000,224.0,278.0,277.0,298.0,False,HARD,17.0,True,Alfa Romeo,0 days 02:01:45.713000,2023-10-08 18:02:45.718,1,8.0,False,,False,True,89.391,33.383,29.887,26.121
0 days 02:08:06.755000,BOT,77,0 days 00:01:27.975000,41.0,4.0,,,0 days 00:00:32.327000,0 days 00:00:29.482000,0 days 00:00:26.166000,0 days 02:07:11.128000,0 days 02:07:40.610000,0 days 02:08:06.776000,230.0,278.0,275.0,294.0,False,HARD,3.0,False,Alfa Romeo,0 days 02:06:38.780000,2023-10-08 18:07:38.785,1,12.0,False,,False,True,87.975,32.327,29.482,26.166
0 days 02:09:34.312000,BOT,77,0 days 00:01:27.557000,42.0,4.0,,,0 days 00:00:32.545000,0 days 00:00:29.060000,0 days 00:00:25.952000,0 days 02:08:39.321000,0 days 02:09:08.381000,0 days 02:09:34.333000,230.0,278.0,275.0,289.0,True,HARD,4.0,False,Alfa Romeo,0 days 02:08:06.755000,2023-10-08 18:09:06.760,1,12.0,False,,False,True,87.557,32.545,29.06,25.952
0 days 02:11:01.506000,BOT,77,0 days 00:01:27.194000,43.0,4.0,,,0 days 00:00:32.267000,0 days 00:00:29.004000,0 days 00:00:25.923000,0 days 02:10:06.600000,0 days 02:10:35.604000,0 days 02:11:01.527000,232.0,278.0,276.0,289.0,True,HARD,5.0,False,Alfa Romeo,0 days 02:09:34.312000,2023-10-08 18:10:34.317,1,12.0,False,,False,True,87.194,32.267,29.004,25.923
0 days 02:12:28.934000,BOT,77,0 days 00:01:27.428000,44.0,4.0,,,0 days 00:00:32.219000,0 days 00:00:29.064000,0 days 00:00:26.145000,0 days 02:11:33.746000,0 days 02:12:02.810000,0 days 02:12:28.955000,229.0,278.0,275.0,289.0,False,HARD,6.0,False,Alfa Romeo,0 days 02:11:01.506000,2023-10-08 18:12:01.511,1,11.0,False,,False,True,87.428,32.219,29.064,26.145
0 days 02:13:56.139000,BOT,77,0 days 00:01:27.205000,45.0,4.0,,,0 days 00:00:32.283000,0 days 00:00:29.028000,0 days 00:00:25.894000,0 days 02:13:01.238000,0 days 02:13:30.266000,0 days 02:13:56.160000,232.0,279.0,276.0,292.0,False,HARD,7.0,False,Alfa Romeo,0 days 02:12:28.934000,2023-10-08 18:13:28.939,1,9.0,False,,False,True,87.205,32.283,29.028,25.894
0 days 02:15:22.958000,BOT,77,0 days 00:01:26.819000,46.0,4.0,,,0 days 00:00:32.097000,0 days 00:00:28.929000,0 days 00:00:25.793000,0 days 02:14:28.257000,0 days 02:14:57.186000,0 days 02:15:22.979000,233.0,280.0,276.0,293.0,True,HARD,8.0,False,Alfa Romeo,0 days 02:13:56.139000,2023-10-08 18:14:56.144,1,9.0,False,,False,True,86.819,32.097,28.929,25.793
0 days 02:16:50.098000,BOT,77,0 days 00:01:27.140000,47.0,4.0,,,0 days 00:00:32.289000,0 days 00:00:29.099000,0 days 00:00:25.752000,0 days 02:15:55.268000,0 days 02:16:24.367000,0 days 02:16:50.119000,230.0,278.0,276.0,290.0,False,HARD,9.0,False,Alfa Romeo,0 days 02:15:22.958000,2023-10-08 18:16:22.963,1,9.0,False,,False,True,87.14,32.289,29.099,25.752
0 days 02:18:16.787000,BOT,77,0 days 00:01:26.689000,48.0,4.0,,,0 days 00:00:31.833000,0 days 00:00:29.082000,0 days 00:00:25.774000,0 days 02:17:21.952000,0 days 02:17:51.034000,0 days 02:18:16.808000,232.0,280.0,276.0,295.0,True,HARD,10.0,False,Alfa Romeo,0 days 02:16:50.098000,2023-10-08 18:17:50.103,1,9.0,False,,False,True,86.689,31.833,29.082,25.774
0 days 02:19:43.473000,BOT,77,0 days 00:01:26.686000,49.0,4.0,,,0 days 00:00:31.889000,0 days 00:00:28.952000,0 days 00:00:25.845000,0 days 02:18:48.697000,0 days 02:19:17.649000,0 days 02:19:43.494000,235.0,280.0,276.0,295.0,True,HARD,11.0,False,Alfa Romeo,0 days 02:18:16.787000,2023-10-08 18:19:16.792,1,9.0,False,,False,True,86.686,31.889,28.952,25.845
0 days 02:21:10.586000,BOT,77,0 days 00:01:27.113000,50.0,4.0,,,0 days 00:00:32.074000,0 days 00:00:28.976000,0 days 00:00:26.063000,0 days 02:20:15.568000,0 days 02:20:44.544000,0 days 02:21:10.607000,231.0,279.0,276.0,291.0,False,HARD,12.0,False,Alfa Romeo,0 days 02:19:43.473000,2023-10-08 18:20:43.478,1,9.0,False,,False,True,87.113,32.074,28.976,26.063
0 days 02:22:37.717000,BOT,77,0 days 00:01:27.131000,51.0,4.0,,,0 days 00:00:32.202000,0 days 00:00:28.933000,0 days 00:00:25.996000,0 days 02:21:42.809000,0 days 02:22:11.742000,0 days 02:22:37.738000,233.0,280.0,276.0,295.0,False,HARD,13.0,False,Alfa Romeo,0 days 02:21:10.586000,2023-10-08 18:22:10.591,1,9.0,False,,False,True,87.131,32.202,28.933,25.996
0 days 02:24:04.839000,BOT,77,0 days 00:01:27.122000,52.0,4.0,,,0 days 00:00:32.406000,0 days 00:00:28.892000,0 days 00:00:25.824000,0 days 02:23:10.144000,0 days 02:23:39.036000,0 days 02:24:04.860000,230.0,279.0,277.0,292.0,False,HARD,14.0,False,Alfa Romeo,0 days 02:22:37.717000,2023-10-08 18:23:37.722,1,9.0,False,,False,True,87.122,32.406,28.892,25.824
0 days 02:25:31.744000,BOT,77,0 days 00:01:26.905000,53.0,4.0,,,0 days 00:00:31.877000,0 days 00:00:29.104000,0 days 00:00:25.924000,0 days 02:24:36.737000,0 days 02:25:05.841000,0 days 02:25:31.765000,231.0,279.0,276.0,293.0,False,HARD,15.0,False,Alfa Romeo,0 days 02:24:04.839000,2023-10-08 18:25:04.844,1,8.0,False,,False,True,86.905,31.877,29.104,25.924
0 days 02:26:58.396000,BOT,77,0 days 00:01:26.652000,54.0,4.0,,,0 days 00:00:31.925000,0 days 00:00:29.035000,0 days 00:00:25.692000,0 days 02:26:03.690000,0 days 02:26:32.725000,0 days 02:26:58.417000,235.0,280.0,277.0,295.0,True,HARD,16.0,False,Alfa Romeo,0 days 02:25:31.744000,2023-10-08 18:26:31.749,1,8.0,False,,False,True,86.652,31.925,29.035,25.692
0 days 02:28:25.325000,BOT,77,0 days 00:01:26.929000,55.0,4.0,,,0 days 00:00:31.919000,0 days 00:00:29.122000,0 days 00:00:25.888000,0 days 02:27:30.336000,0 days 02:27:59.458000,0 days 02:28:25.346000,234.0,280.0,276.0,296.0,False,HARD,17.0,False,Alfa Romeo,0 days 02:26:58.396000,2023-10-08 18:27:58.401,1,8.0,False,,False,True,86.929,31.919,29.122,25.888
0 days 02:29:52.633000,BOT,77,0 days 00:01:27.308000,56.0,4.0,,,0 days 00:00:31.991000,0 days 00:00:29.299000,0 days 00:00:26.018000,0 days 02:28:57.337000,0 days 02:29:26.636000,0 days 02:29:52.654000,232.0,279.0,276.0,294.0,False,HARD,18.0,False,Alfa Romeo,0 days 02:28:25.325000,2023-10-08 18:29:25.330,1,8.0,False,,False,True,87.308,31.991,29.299,26.018
0 days 02:31:19.736000,BOT,77,0 days 00:01:27.103000,57.0,4.0,,,0 days 00:00:32.131000,0 days 00:00:29.012000,0 days 00:00:25.960000,0 days 02:30:24.785000,0 days 02:30:53.797000,0 days 02:31:19.757000,235.0,280.0,278.0,298.0,False,HARD,19.0,False,Alfa Romeo,0 days 02:29:52.633000,2023-10-08 18:30:52.638,1,8.0,False,,False,True,87.103,32.131,29.012,25.96
0 days 01:14:58.652000,ZHO,24,0 days 00:01:32.609000,6.0,1.0,,,0 days 00:00:33.984000,0 days 00:00:31.127000,0 days 00:00:27.498000,0 days 01:14:00.038000,0 days 01:14:31.165000,0 days 01:14:58.663000,224.0,281.0,276.0,302.0,True,MEDIUM,6.0,True,Alfa Romeo,0 days 01:13:26.043000,2023-10-08 17:14:26.048,1,12.0,False,,False,True,92.609,33.984,31.127,27.498
0 days 01:16:29.895000,ZHO,24,0 days 00:01:31.243000,7.0,1.0,,,0 days 00:00:33.809000,0 days 00:00:30.580000,0 days 00:00:26.854000,0 days 01:15:32.472000,0 days 01:16:03.052000,0 days 01:16:29.906000,222.0,279.0,282.0,296.0,True,MEDIUM,7.0,True,Alfa Romeo,0 days 01:14:58.652000,2023-10-08 17:15:58.657,1,12.0,False,,False,True,91.243,33.809,30.58,26.854
0 days 01:18:01.327000,ZHO,24,0 days 00:01:31.432000,8.0,1.0,,,0 days 00:00:33.309000,0 days 00:00:31.303000,0 days 00:00:26.820000,0 days 01:17:03.215000,0 days 01:17:34.518000,0 days 01:18:01.338000,227.0,280.0,283.0,326.0,False,MEDIUM,8.0,True,Alfa Romeo,0 days 01:16:29.895000,2023-10-08 17:17:29.900,1,13.0,False,,False,True,91.432,33.309,31.303,26.82
0 days 01:19:32.399000,ZHO,24,0 days 00:01:31.072000,9.0,1.0,,,0 days 00:00:33.421000,0 days 00:00:30.761000,0 days 00:00:26.890000,0 days 01:18:34.759000,0 days 01:19:05.520000,0 days 01:19:32.410000,225.0,281.0,282.0,329.0,True,MEDIUM,9.0,True,Alfa Romeo,0 days 01:18:01.327000,2023-10-08 17:19:01.332,1,12.0,False,,False,True,91.072,33.421,30.761,26.89
0 days 01:21:03.829000,ZHO,24,0 days 00:01:31.430000,10.0,1.0,,,0 days 00:00:33.595000,0 days 00:00:30.872000,0 days 00:00:26.963000,0 days 01:20:06.005000,0 days 01:20:36.877000,0 days 01:21:03.840000,222.0,275.0,281.0,328.0,False,MEDIUM,10.0,True,Alfa Romeo,0 days 01:19:32.399000,2023-10-08 17:20:32.404,1,12.0,False,,False,True,91.43,33.595,30.872,26.963
0 days 01:22:34.756000,ZHO,24,0 days 00:01:30.927000,11.0,1.0,,,0 days 00:00:33.359000,0 days 00:00:30.611000,0 days 00:00:26.957000,0 days 01:21:37.199000,0 days 01:22:07.810000,0 days 01:22:34.767000,224.0,279.0,282.0,326.0,True,MEDIUM,11.0,True,Alfa Romeo,0 days 01:21:03.829000,2023-10-08 17:22:03.834,1,11.0,False,,False,True,90.927,33.359,30.611,26.957
0 days 01:24:05.578000,ZHO,24,0 days 00:01:30.822000,12.0,1.0,,,0 days 00:00:33.616000,0 days 00:00:30.472000,0 days 00:00:26.734000,0 days 01:23:08.383000,0 days 01:23:38.855000,0 days 01:24:05.589000,223.0,279.0,282.0,321.0,True,MEDIUM,12.0,True,Alfa Romeo,0 days 01:22:34.756000,2023-10-08 17:23:34.761,1,9.0,False,,False,True,90.822,33.616,30.472,26.734
0 days 01:25:36.184000,ZHO,24,0 days 00:01:30.606000,13.0,1.0,,,0 days 00:00:33.458000,0 days 00:00:30.526000,0 days 00:00:26.622000,0 days 01:24:39.047000,0 days 01:25:09.573000,0 days 01:25:36.195000,223.0,272.0,281.0,326.0,True,MEDIUM,13.0,True,Alfa Romeo,0 days 01:24:05.578000,2023-10-08 17:25:05.583,1,5.0,False,,False,True,90.606,33.458,30.526,26.622
0 days 01:27:06.384000,ZHO,24,0 days 00:01:30.200000,14.0,1.0,,,0 days 00:00:33.361000,0 days 00:00:30.460000,0 days 00:00:26.379000,0 days 01:26:09.556000,0 days 01:26:40.016000,0 days 01:27:06.395000,221.0,267.0,274.0,321.0,True,MEDIUM,14.0,True,Alfa Romeo,0 days 01:25:36.184000,2023-10-08 17:26:36.189,1,4.0,False,,False,True,90.2,33.361,30.46,26.379
0 days 01:30:07.451000,ZHO,24,0 days 00:01:29.902000,16.0,1.0,,,0 days 00:00:33.290000,0 days 00:00:30.073000,0 days 00:00:26.539000,0 days 01:29:10.850000,0 days 01:29:40.923000,0 days 01:30:07.462000,220.0,278.0,273.0,302.0,True,MEDIUM,16.0,True,Alfa Romeo,0 days 01:28:37.549000,2023-10-08 17:29:37.554,1,4.0,False,,False,True,89.902,33.29,30.073,26.539
0 days 01:31:37.362000,ZHO,24,0 days 00:01:29.911000,17.0,1.0,,,0 days 00:00:33.380000,0 days 00:00:30.074000,0 days 00:00:26.457000,0 days 01:30:40.842000,0 days 01:31:10.916000,0 days 01:31:37.373000,222.0,278.0,272.0,291.0,False,MEDIUM,17.0,True,Alfa Romeo,0 days 01:30:07.451000,2023-10-08 17:31:07.456,1,4.0,False,,False,True,89.911,33.38,30.074,26.457
0 days 01:36:32.909000,ZHO,24,0 days 00:01:28.699000,20.0,2.0,,,0 days 00:00:32.667000,0 days 00:00:29.797000,0 days 00:00:26.235000,0 days 01:35:36.888000,0 days 01:36:06.685000,0 days 01:36:32.920000,231.0,278.0,274.0,299.0,True,HARD,2.0,True,Alfa Romeo,0 days 01:35:04.210000,2023-10-08 17:36:04.215,1,17.0,False,,False,True,88.699,32.667,29.797,26.235
0 days 01:38:02.112000,ZHO,24,0 days 00:01:29.203000,21.0,2.0,,,0 days 00:00:32.952000,0 days 00:00:30,0 days 00:00:26.251000,0 days 01:37:05.872000,0 days 01:37:35.872000,0 days 01:38:02.123000,224.0,278.0,276.0,295.0,False,HARD,3.0,True,Alfa Romeo,0 days 01:36:32.909000,2023-10-08 17:37:32.914,1,17.0,False,,False,True,89.203,32.952,30.0,26.251
0 days 01:39:30.988000,ZHO,24,0 days 00:01:28.876000,22.0,2.0,,,0 days 00:00:32.745000,0 days 00:00:29.863000,0 days 00:00:26.268000,0 days 01:38:34.868000,0 days 01:39:04.731000,0 days 01:39:30.999000,228.0,279.0,276.0,298.0,False,HARD,4.0,True,Alfa Romeo,0 days 01:38:02.112000,2023-10-08 17:39:02.117,1,13.0,False,,False,True,88.876,32.745,29.863,26.268
0 days 01:40:59.549000,ZHO,24,0 days 00:01:28.561000,23.0,2.0,,,0 days 00:00:32.746000,0 days 00:00:29.713000,0 days 00:00:26.102000,0 days 01:40:03.745000,0 days 01:40:33.458000,0 days 01:40:59.560000,229.0,280.0,283.0,297.0,True,HARD,5.0,True,Alfa Romeo,0 days 01:39:30.988000,2023-10-08 17:40:30.993,1,12.0,False,,False,True,88.561,32.746,29.713,26.102
0 days 01:42:28.791000,ZHO,24,0 days 00:01:29.242000,24.0,2.0,,,0 days 00:00:32.676000,0 days 00:00:30.154000,0 days 00:00:26.412000,0 days 01:41:32.236000,0 days 01:42:02.390000,0 days 01:42:28.802000,228.0,281.0,284.0,319.0,False,HARD,6.0,True,Alfa Romeo,0 days 01:40:59.549000,2023-10-08 17:41:59.554,1,12.0,False,,False,True,89.242,32.676,30.154,26.412
0 days 01:43:58.186000,ZHO,24,0 days 00:01:29.395000,25.0,2.0,,,0 days 00:00:32.687000,0 days 00:00:30.487000,0 days 00:00:26.221000,0 days 01:43:01.489000,0 days 01:43:31.976000,0 days 01:43:58.197000,228.0,281.0,285.0,318.0,False,HARD,7.0,True,Alfa Romeo,0 days 01:42:28.791000,2023-10-08 17:43:28.796,1,12.0,False,,False,True,89.395,32.687,30.487,26.221
0 days 01:45:26.434000,ZHO,24,0 days 00:01:28.248000,26.0,2.0,,,0 days 00:00:32.332000,0 days 00:00:29.777000,0 days 00:00:26.139000,0 days 01:44:30.529000,0 days 01:45:00.306000,0 days 01:45:26.445000,225.0,275.0,275.0,328.0,True,HARD,8.0,True,Alfa Romeo,0 days 01:43:58.186000,2023-10-08 17:44:58.191,1,9.0,False,,False,True,88.248,32.332,29.777,26.139
0 days 01:46:55.009000,ZHO,24,0 days 00:01:28.575000,27.0,2.0,,,0 days 00:00:32.815000,0 days 00:00:29.727000,0 days 00:00:26.033000,0 days 01:45:59.260000,0 days 01:46:28.987000,0 days 01:46:55.020000,227.0,278.0,275.0,293.0,False,HARD,9.0,True,Alfa Romeo,0 days 01:45:26.434000,2023-10-08 17:46:26.439,1,7.0,False,,False,True,88.575,32.815,29.727,26.033
0 days 01:48:23.036000,ZHO,24,0 days 00:01:28.027000,28.0,2.0,,,0 days 00:00:32.564000,0 days 00:00:29.640000,0 days 00:00:25.823000,0 days 01:47:27.584000,0 days 01:47:57.224000,0 days 01:48:23.047000,232.0,278.0,275.0,300.0,True,HARD,10.0,True,Alfa Romeo,0 days 01:46:55.009000,2023-10-08 17:47:55.014,1,6.0,False,,False,True,88.027,32.564,29.64,25.823
0 days 01:49:51.033000,ZHO,24,0 days 00:01:27.997000,29.0,2.0,,,0 days 00:00:32.485000,0 days 00:00:29.700000,0 days 00:00:25.812000,0 days 01:48:55.532000,0 days 01:49:25.232000,0 days 01:49:51.044000,232.0,279.0,275.0,299.0,True,HARD,11.0,True,Alfa Romeo,0 days 01:48:23.036000,2023-10-08 17:49:23.041,1,6.0,False,,False,True,87.997,32.485,29.7,25.812
0 days 01:51:20.047000,ZHO,24,0 days 00:01:29.014000,30.0,2.0,,,0 days 00:00:33.139000,0 days 00:00:29.904000,0 days 00:00:25.971000,0 days 01:50:24.183000,0 days 01:50:54.087000,0 days 01:51:20.058000,227.0,281.0,276.0,293.0,False,HARD,12.0,True,Alfa Romeo,0 days 01:49:51.033000,2023-10-08 17:50:51.038,1,7.0,False,,False,True,89.014,33.139,29.904,25.971
0 days 01:52:48.145000,ZHO,24,0 days 00:01:28.098000,31.0,2.0,,,0 days 00:00:32.586000,0 days 00:00:29.703000,0 days 00:00:25.809000,0 days 01:51:52.644000,0 days 01:52:22.347000,0 days 01:52:48.156000,228.0,279.0,276.0,296.0,False,HARD,13.0,True,Alfa Romeo,0 days 01:51:20.047000,2023-10-08 17:52:20.052,1,7.0,False,,False,True,88.098,32.586,29.703,25.809
0 days 01:54:17.358000,ZHO,24,0 days 00:01:29.213000,32.0,2.0,,,0 days 00:00:33.456000,0 days 00:00:29.821000,0 days 00:00:25.936000,0 days 01:53:21.612000,0 days 01:53:51.433000,0 days 01:54:17.369000,228.0,281.0,275.0,298.0,False,HARD,14.0,True,Alfa Romeo,0 days 01:52:48.145000,2023-10-08 17:53:48.150,1,6.0,False,,False,True,89.213,33.456,29.821,25.936
0 days 01:57:13.417000,ZHO,24,0 days 00:01:27.797000,34.0,2.0,,,0 days 00:00:32.591000,0 days 00:00:29.455000,0 days 00:00:25.751000,0 days 01:56:18.222000,0 days 01:56:47.677000,0 days 01:57:13.428000,233.0,278.0,274.0,295.0,True,HARD,16.0,True,Alfa Romeo,0 days 01:55:45.620000,2023-10-08 17:56:45.625,1,4.0,False,,False,True,87.797,32.591,29.455,25.751
0 days 02:02:05.724000,ZHO,24,0 days 00:01:27.511000,37.0,3.0,,,0 days 00:00:32.299000,0 days 00:00:29.414000,0 days 00:00:25.798000,0 days 02:01:10.523000,0 days 02:01:39.937000,0 days 02:02:05.735000,231.0,281.0,277.0,299.0,True,HARD,2.0,True,Alfa Romeo,0 days 02:00:38.213000,2023-10-08 18:01:38.218,1,15.0,False,,False,True,87.511,32.299,29.414,25.798
0 days 02:03:33.587000,ZHO,24,0 days 00:01:27.863000,38.0,3.0,,,0 days 00:00:32.317000,0 days 00:00:29.638000,0 days 00:00:25.908000,0 days 02:02:38.052000,0 days 02:03:07.690000,0 days 02:03:33.598000,232.0,282.0,287.0,300.0,False,HARD,3.0,True,Alfa Romeo,0 days 02:02:05.724000,2023-10-08 18:03:05.729,1,15.0,False,,False,True,87.863,32.317,29.638,25.908
0 days 02:05:00.798000,ZHO,24,0 days 00:01:27.211000,39.0,3.0,,,0 days 00:00:31.978000,0 days 00:00:29.403000,0 days 00:00:25.830000,0 days 02:04:05.576000,0 days 02:04:34.979000,0 days 02:05:00.809000,230.0,278.0,276.0,328.0,True,HARD,4.0,True,Alfa Romeo,0 days 02:03:33.587000,2023-10-08 18:04:33.592,1,14.0,False,,False,True,87.211,31.978,29.403,25.83
0 days 02:06:27.951000,ZHO,24,0 days 00:01:27.153000,40.0,3.0,,,0 days 00:00:32.201000,0 days 00:00:29.318000,0 days 00:00:25.634000,0 days 02:05:33.010000,0 days 02:06:02.328000,0 days 02:06:27.962000,232.0,279.0,276.0,296.0,True,HARD,5.0,True,Alfa Romeo,0 days 02:05:00.798000,2023-10-08 18:06:00.803,1,11.0,False,,False,True,87.153,32.201,29.318,25.634
0 days 02:09:22.197000,ZHO,24,0 days 00:01:27.076000,42.0,3.0,,,0 days 00:00:32.079000,0 days 00:00:29.325000,0 days 00:00:25.672000,0 days 02:08:27.211000,0 days 02:08:56.536000,0 days 02:09:22.208000,231.0,279.0,276.0,293.0,True,HARD,7.0,True,Alfa Romeo,0 days 02:07:55.121000,2023-10-08 18:08:55.126,1,11.0,False,,False,True,87.076,32.079,29.325,25.672
0 days 02:10:49.147000,ZHO,24,0 days 00:01:26.950000,43.0,3.0,,,0 days 00:00:32.094000,0 days 00:00:29.301000,0 days 00:00:25.555000,0 days 02:09:54.302000,0 days 02:10:23.603000,0 days 02:10:49.158000,233.0,279.0,277.0,294.0,True,HARD,8.0,True,Alfa Romeo,0 days 02:09:22.197000,2023-10-08 18:10:22.202,1,11.0,False,,False,True,86.95,32.094,29.301,25.555
0 days 02:12:16.058000,ZHO,24,0 days 00:01:26.911000,44.0,3.0,,,0 days 00:00:32.096000,0 days 00:00:29.194000,0 days 00:00:25.621000,0 days 02:11:21.254000,0 days 02:11:50.448000,0 days 02:12:16.069000,233.0,280.0,277.0,293.0,True,HARD,9.0,True,Alfa Romeo,0 days 02:10:49.147000,2023-10-08 18:11:49.152,1,8.0,False,,False,True,86.911,32.096,29.194,25.621
0 days 02:13:42.900000,ZHO,24,0 days 00:01:26.842000,45.0,3.0,,,0 days 00:00:32.030000,0 days 00:00:29.266000,0 days 00:00:25.546000,0 days 02:12:48.099000,0 days 02:13:17.365000,0 days 02:13:42.911000,233.0,280.0,276.0,292.0,True,HARD,10.0,True,Alfa Romeo,0 days 02:12:16.058000,2023-10-08 18:13:16.063,1,6.0,False,,False,True,86.842,32.03,29.266,25.546
0 days 02:15:09.489000,ZHO,24,0 days 00:01:26.589000,46.0,3.0,,,0 days 00:00:31.934000,0 days 00:00:29.230000,0 days 00:00:25.425000,0 days 02:14:14.845000,0 days 02:14:44.075000,0 days 02:15:09.500000,234.0,279.0,277.0,293.0,True,HARD,11.0,True,Alfa Romeo,0 days 02:13:42.900000,2023-10-08 18:14:42.905,1,6.0,False,,False,True,86.589,31.934,29.23,25.425
0 days 02:16:36.041000,ZHO,24,0 days 00:01:26.552000,47.0,3.0,,,0 days 00:00:31.985000,0 days 00:00:29.045000,0 days 00:00:25.522000,0 days 02:15:41.485000,0 days 02:16:10.530000,0 days 02:16:36.052000,233.0,280.0,276.0,293.0,True,HARD,12.0,True,Alfa Romeo,0 days 02:15:09.489000,2023-10-08 18:16:09.494,1,6.0,False,,False,True,86.552,31.985,29.045,25.522
0 days 02:18:02.781000,ZHO,24,0 days 00:01:26.740000,48.0,3.0,,,0 days 00:00:32.118000,0 days 00:00:29.123000,0 days 00:00:25.499000,0 days 02:17:08.170000,0 days 02:17:37.293000,0 days 02:18:02.792000,232.0,280.0,275.0,291.0,False,HARD,13.0,True,Alfa Romeo,0 days 02:16:36.041000,2023-10-08 18:17:36.046,1,6.0,False,,False,True,86.74,32.118,29.123,25.499
0 days 02:19:29.430000,ZHO,24,0 days 00:01:26.649000,49.0,3.0,,,0 days 00:00:32.026000,0 days 00:00:29.101000,0 days 00:00:25.522000,0 days 02:18:34.818000,0 days 02:19:03.919000,0 days 02:19:29.441000,232.0,279.0,276.0,292.0,False,HARD,14.0,True,Alfa Romeo,0 days 02:18:02.781000,2023-10-08 18:19:02.786,1,6.0,False,,False,True,86.649,32.026,29.101,25.522
0 days 02:20:55.964000,ZHO,24,0 days 00:01:26.534000,50.0,3.0,,,0 days 00:00:32.012000,0 days 00:00:29.088000,0 days 00:00:25.434000,0 days 02:20:01.453000,0 days 02:20:30.541000,0 days 02:20:55.975000,234.0,280.0,276.0,292.0,True,HARD,15.0,True,Alfa Romeo,0 days 02:19:29.430000,2023-10-08 18:20:29.435,1,6.0,False,,False,True,86.534,32.012,29.088,25.434
0 days 02:22:22.782000,ZHO,24,0 days 00:01:26.818000,51.0,3.0,,,0 days 00:00:32.109000,0 days 00:00:29.165000,0 days 00:00:25.544000,0 days 02:21:28.084000,0 days 02:21:57.249000,0 days 02:22:22.793000,232.0,279.0,275.0,289.0,False,HARD,16.0,True,Alfa Romeo,0 days 02:20:55.964000,2023-10-08 18:21:55.969,1,6.0,False,,False,True,86.818,32.109,29.165,25.544
0 days 02:27:08.871000,ZHO,24,0 days 00:01:26.323000,54.0,4.0,,,0 days 00:00:31.842000,0 days 00:00:29.057000,0 days 00:00:25.424000,0 days 02:26:14.401000,0 days 02:26:43.458000,0 days 02:27:08.882000,237.0,281.0,278.0,300.0,True,SOFT,2.0,True,Alfa Romeo,0 days 02:25:42.548000,2023-10-08 18:26:42.553,1,12.0,False,,False,True,86.323,31.842,29.057,25.424
0 days 02:28:35.554000,ZHO,24,0 days 00:01:26.683000,55.0,4.0,,,0 days 00:00:32.042000,0 days 00:00:29.189000,0 days 00:00:25.452000,0 days 02:27:40.924000,0 days 02:28:10.113000,0 days 02:28:35.565000,235.0,281.0,279.0,298.0,False,SOFT,3.0,True,Alfa Romeo,0 days 02:27:08.871000,2023-10-08 18:28:08.876,1,12.0,False,,False,True,86.683,32.042,29.189,25.452
0 days 02:30:02.255000,ZHO,24,0 days 00:01:26.701000,56.0,4.0,,,0 days 00:00:31.917000,0 days 00:00:29.303000,0 days 00:00:25.481000,0 days 02:29:07.482000,0 days 02:29:36.785000,0 days 02:30:02.266000,234.0,285.0,280.0,302.0,False,SOFT,4.0,True,Alfa Romeo,0 days 02:28:35.554000,2023-10-08 18:29:35.559,1,12.0,False,,False,True,86.701,31.917,29.303,25.481
0 days 02:31:29.300000,ZHO,24,0 days 00:01:27.045000,57.0,4.0,,,0 days 00:00:32.116000,0 days 00:00:29.424000,0 days 00:00:25.505000,0 days 02:30:34.382000,0 days 02:31:03.806000,0 days 02:31:29.311000,232.0,284.0,286.0,301.0,False,SOFT,5.0,True,Alfa Romeo,0 days 02:30:02.255000,2023-10-08 18:31:02.260,1,12.0,False,,False,True,87.045,32.116,29.424,25.505
0 days 01:13:26.661000,PER,11,0 days 00:01:33.391000,5.0,1.0,,,0 days 00:00:35.070000,0 days 00:00:31.078000,0 days 00:00:27.243000,0 days 01:12:28.372000,0 days 01:12:59.450000,0 days 01:13:26.693000,230.0,281.0,278.0,304.0,True,HARD,5.0,True,Red Bull Racing,0 days 01:11:53.270000,2023-10-08 17:12:53.275,1,13.0,False,,False,True,93.391,35.07,31.078,27.243
0 days 01:14:59.811000,PER,11,0 days 00:01:33.150000,6.0,1.0,,,0 days 00:00:34.876000,0 days 00:00:31.050000,0 days 00:00:27.224000,0 days 01:14:01.569000,0 days 01:14:32.619000,0 days 01:14:59.843000,223.0,284.0,278.0,308.0,True,HARD,6.0,True,Red Bull Racing,0 days 01:13:26.661000,2023-10-08 17:14:26.666,1,14.0,False,,False,True,93.15,34.876,31.05,27.224
0 days 01:16:31.078000,PER,11,0 days 00:01:31.267000,7.0,1.0,,,0 days 00:00:33.815000,0 days 00:00:30.606000,0 days 00:00:26.846000,0 days 01:15:33.658000,0 days 01:16:04.264000,0 days 01:16:31.110000,221.0,280.0,286.0,306.0,True,HARD,7.0,True,Red Bull Racing,0 days 01:14:59.811000,2023-10-08 17:15:59.816,1,14.0,False,,False,True,91.267,33.815,30.606,26.846
0 days 01:18:01.882000,PER,11,0 days 00:01:30.804000,8.0,1.0,,,0 days 00:00:33.195000,0 days 00:00:30.941000,0 days 00:00:26.668000,0 days 01:17:04.305000,0 days 01:17:35.246000,0 days 01:18:01.914000,229.0,279.0,286.0,331.0,True,HARD,8.0,True,Red Bull Racing,0 days 01:16:31.078000,2023-10-08 17:17:31.083,1,14.0,False,,False,True,90.804,33.195,30.941,26.668
0 days 01:19:32.737000,PER,11,0 days 00:01:30.855000,9.0,1.0,,,0 days 00:00:33.280000,0 days 00:00:30.816000,0 days 00:00:26.759000,0 days 01:18:35.194000,0 days 01:19:06.010000,0 days 01:19:32.769000,227.0,279.0,287.0,331.0,False,HARD,9.0,True,Red Bull Racing,0 days 01:18:01.882000,2023-10-08 17:19:01.887,1,13.0,False,,False,True,90.855,33.28,30.816,26.759
0 days 01:21:04.309000,PER,11,0 days 00:01:31.572000,10.0,1.0,,,0 days 00:00:33.701000,0 days 00:00:30.977000,0 days 00:00:26.894000,0 days 01:20:06.470000,0 days 01:20:37.447000,0 days 01:21:04.341000,224.0,279.0,286.0,340.0,False,HARD,10.0,True,Red Bull Racing,0 days 01:19:32.737000,2023-10-08 17:20:32.742,1,13.0,False,,False,True,91.572,33.701,30.977,26.894
0 days 01:22:35.126000,PER,11,0 days 00:01:30.817000,11.0,1.0,,,0 days 00:00:33.491000,0 days 00:00:30.652000,0 days 00:00:26.674000,0 days 01:21:37.832000,0 days 01:22:08.484000,0 days 01:22:35.158000,222.0,280.0,287.0,334.0,False,HARD,11.0,True,Red Bull Racing,0 days 01:21:04.309000,2023-10-08 17:22:04.314,1,12.0,False,,False,True,90.817,33.491,30.652,26.674
0 days 01:24:06.211000,PER,11,0 days 00:01:31.085000,12.0,1.0,,,0 days 00:00:33.664000,0 days 00:00:30.950000,0 days 00:00:26.471000,0 days 01:23:08.822000,0 days 01:23:39.772000,0 days 01:24:06.243000,226.0,278.0,285.0,337.0,False,HARD,12.0,True,Red Bull Racing,0 days 01:22:35.126000,2023-10-08 17:23:35.131,1,10.0,False,,False,True,91.085,33.664,30.95,26.471
0 days 01:25:36.745000,PER,11,0 days 00:01:30.534000,13.0,1.0,,,0 days 00:00:33.347000,0 days 00:00:30.631000,0 days 00:00:26.556000,0 days 01:24:39.590000,0 days 01:25:10.221000,0 days 01:25:36.777000,228.0,277.0,285.0,330.0,True,HARD,13.0,True,Red Bull Racing,0 days 01:24:06.211000,2023-10-08 17:25:06.216,1,7.0,False,,False,True,90.534,33.347,30.631,26.556
0 days 01:28:35.821000,PER,11,0 days 00:01:28.880000,15.0,1.0,,,0 days 00:00:32.769000,0 days 00:00:30.072000,0 days 00:00:26.039000,0 days 01:27:39.742000,0 days 01:28:09.814000,0 days 01:28:35.853000,230.0,276.0,276.0,328.0,True,HARD,15.0,True,Red Bull Racing,0 days 01:27:06.941000,2023-10-08 17:28:06.946,1,3.0,False,,False,True,88.88,32.769,30.072,26.039
0 days 01:30:04.354000,PER,11,0 days 00:01:28.533000,16.0,1.0,,,0 days 00:00:32.828000,0 days 00:00:29.936000,0 days 00:00:25.769000,0 days 01:29:08.681000,0 days 01:29:38.617000,0 days 01:30:04.386000,231.0,276.0,276.0,301.0,True,HARD,16.0,True,Red Bull Racing,0 days 01:28:35.821000,2023-10-08 17:29:35.826,1,3.0,False,,False,True,88.533,32.828,29.936,25.769
0 days 01:34:57.551000,PER,11,0 days 00:01:28.481000,19.0,2.0,,,0 days 00:00:32.709000,0 days 00:00:29.501000,0 days 00:00:26.271000,0 days 01:34:01.811000,0 days 01:34:31.312000,0 days 01:34:57.583000,232.0,282.0,288.0,306.0,True,MEDIUM,8.0,False,Red Bull Racing,0 days 01:33:29.070000,2023-10-08 17:34:29.075,1,15.0,False,,False,True,88.481,32.709,29.501,26.271
0 days 01:36:25.870000,PER,11,0 days 00:01:28.319000,20.0,2.0,,,0 days 00:00:32.393000,0 days 00:00:29.908000,0 days 00:00:26.018000,0 days 01:35:29.976000,0 days 01:35:59.884000,0 days 01:36:25.902000,232.0,278.0,287.0,329.0,True,MEDIUM,9.0,False,Red Bull Racing,0 days 01:34:57.551000,2023-10-08 17:35:57.556,1,14.0,False,,False,True,88.319,32.393,29.908,26.018
0 days 01:37:54.687000,PER,11,0 days 00:01:28.817000,21.0,2.0,,,0 days 00:00:32.513000,0 days 00:00:29.930000,0 days 00:00:26.374000,0 days 01:36:58.415000,0 days 01:37:28.345000,0 days 01:37:54.719000,225.0,280.0,283.0,330.0,False,MEDIUM,10.0,False,Red Bull Racing,0 days 01:36:25.870000,2023-10-08 17:37:25.875,1,11.0,False,,False,True,88.817,32.513,29.93,26.374
0 days 01:42:18.055000,PER,11,0 days 00:01:28.269000,24.0,2.0,,,0 days 00:00:32.545000,0 days 00:00:29.936000,0 days 00:00:25.788000,0 days 01:41:22.363000,0 days 01:41:52.299000,0 days 01:42:18.087000,228.0,281.0,279.0,304.0,True,MEDIUM,13.0,False,Red Bull Racing,0 days 01:40:49.786000,2023-10-08 17:41:49.791,1,9.0,False,,False,True,88.269,32.545,29.936,25.788
0 days 01:45:14.998000,PER,11,0 days 00:01:28.391000,26.0,2.0,,,0 days 00:00:32.591000,0 days 00:00:30.070000,0 days 00:00:25.730000,0 days 01:44:19.230000,0 days 01:44:49.300000,0 days 01:45:15.030000,233.0,278.0,277.0,304.0,False,MEDIUM,15.0,False,Red Bull Racing,0 days 01:43:46.607000,2023-10-08 17:44:46.612,1,5.0,False,,False,True,88.391,32.591,30.07,25.73
0 days 01:46:42.972000,PER,11,0 days 00:01:27.974000,27.0,2.0,,,0 days 00:00:32.628000,0 days 00:00:29.697000,0 days 00:00:25.649000,0 days 01:45:47.658000,0 days 01:46:17.355000,0 days 01:46:43.004000,234.0,278.0,277.0,300.0,True,MEDIUM,16.0,False,Red Bull Racing,0 days 01:45:14.998000,2023-10-08 17:46:15.003,1,4.0,False,,False,True,87.974,32.628,29.697,25.649
0 days 01:48:11.099000,PER,11,0 days 00:01:28.127000,28.0,2.0,,,0 days 00:00:32.704000,0 days 00:00:29.808000,0 days 00:00:25.615000,0 days 01:47:15.708000,0 days 01:47:45.516000,0 days 01:48:11.131000,232.0,278.0,277.0,298.0,False,MEDIUM,17.0,False,Red Bull Racing,0 days 01:46:42.972000,2023-10-08 17:47:42.977,1,3.0,False,,False,True,88.127,32.704,29.808,25.615
0 days 01:49:39.417000,PER,11,0 days 00:01:28.318000,29.0,2.0,,,0 days 00:00:32.685000,0 days 00:00:29.777000,0 days 00:00:25.856000,0 days 01:48:43.816000,0 days 01:49:13.593000,0 days 01:49:39.449000,229.0,274.0,277.0,296.0,False,MEDIUM,18.0,False,Red Bull Racing,0 days 01:48:11.099000,2023-10-08 17:49:11.104,1,3.0,False,,False,True,88.318,32.685,29.777,25.856
0 days 01:51:07.420000,PER,11,0 days 00:01:28.003000,30.0,2.0,,,0 days 00:00:32.505000,0 days 00:00:29.720000,0 days 00:00:25.778000,0 days 01:50:11.954000,0 days 01:50:41.674000,0 days 01:51:07.452000,233.0,275.0,277.0,295.0,False,MEDIUM,19.0,False,Red Bull Racing,0 days 01:49:39.417000,2023-10-08 17:50:39.422,1,3.0,False,,False,True,88.003,32.505,29.72,25.778
0 days 01:57:30.581000,PER,11,0 days 00:01:27.287000,34.0,3.0,,,0 days 00:00:32.372000,0 days 00:00:29.161000,0 days 00:00:25.754000,0 days 01:56:35.698000,0 days 01:57:04.859000,0 days 01:57:30.613000,234.0,276.0,277.0,298.0,True,MEDIUM,9.0,False,Red Bull Racing,0 days 01:56:03.294000,2023-10-08 17:57:03.299,1,12.0,False,,False,True,87.287,32.372,29.161,25.754
0 days 01:58:58.031000,PER,11,0 days 00:01:27.450000,35.0,3.0,,,0 days 00:00:32.365000,0 days 00:00:29.256000,0 days 00:00:25.829000,0 days 01:58:02.978000,0 days 01:58:32.234000,0 days 01:58:58.063000,234.0,274.0,277.0,297.0,False,MEDIUM,10.0,False,Red Bull Racing,0 days 01:57:30.581000,2023-10-08 17:58:30.586,1,12.0,False,,False,True,87.45,32.365,29.256,25.829
0 days 02:01:53.003000,PER,11,0 days 00:01:27.398000,37.0,3.0,,,0 days 00:00:32.287000,0 days 00:00:29.279000,0 days 00:00:25.832000,0 days 02:00:57.924000,0 days 02:01:27.203000,0 days 02:01:53.035000,232.0,275.0,278.0,299.0,False,MEDIUM,12.0,False,Red Bull Racing,0 days 02:00:25.605000,2023-10-08 18:01:25.610,1,11.0,False,,False,True,87.398,32.287,29.279,25.832
0 days 02:03:20.079000,PER,11,0 days 00:01:27.076000,38.0,3.0,,,0 days 00:00:32.183000,0 days 00:00:29.246000,0 days 00:00:25.647000,0 days 02:02:25.218000,0 days 02:02:54.464000,0 days 02:03:20.111000,235.0,277.0,279.0,301.0,True,MEDIUM,13.0,False,Red Bull Racing,0 days 02:01:53.003000,2023-10-08 18:02:53.008,1,11.0,False,,False,True,87.076,32.183,29.246,25.647
0 days 02:04:47.542000,PER,11,0 days 00:01:27.463000,39.0,3.0,,,0 days 00:00:32.196000,0 days 00:00:29.511000,0 days 00:00:25.756000,0 days 02:03:52.307000,0 days 02:04:21.818000,0 days 02:04:47.574000,224.0,275.0,280.0,299.0,False,MEDIUM,14.0,False,Red Bull Racing,0 days 02:03:20.079000,2023-10-08 18:04:20.084,1,10.0,False,,False,True,87.463,32.196,29.511,25.756
0 days 02:06:14.798000,PER,11,0 days 00:01:27.256000,40.0,3.0,,,0 days 00:00:32.238000,0 days 00:00:29.349000,0 days 00:00:25.669000,0 days 02:05:19.812000,0 days 02:05:49.161000,0 days 02:06:14.830000,234.0,276.0,279.0,299.0,False,MEDIUM,15.0,False,Red Bull Racing,0 days 02:04:47.542000,2023-10-08 18:05:47.547,1,9.0,False,,False,True,87.256,32.238,29.349,25.669
0 days 02:09:08.684000,PER,11,0 days 00:01:26.735000,42.0,3.0,,,0 days 00:00:32.044000,0 days 00:00:29.225000,0 days 00:00:25.466000,0 days 02:08:14.025000,0 days 02:08:43.250000,0 days 02:09:08.716000,235.0,276.0,280.0,296.0,True,MEDIUM,17.0,False,Red Bull Racing,0 days 02:07:41.949000,2023-10-08 18:08:41.954,1,9.0,False,,False,True,86.735,32.044,29.225,25.466
0 days 02:14:04.535000,PER,11,0 days 00:01:29.488000,45.0,4.0,,,0 days 00:00:32.293000,0 days 00:00:31.263000,0 days 00:00:25.932000,0 days 02:13:07.372000,0 days 02:13:38.635000,0 days 02:14:04.567000,228.0,278.0,279.0,298.0,False,MEDIUM,2.0,True,Red Bull Racing,0 days 02:12:35.047000,2023-10-08 18:13:35.052,1,12.0,False,,False,True,89.488,32.293,31.263,25.932
0 days 02:15:31.727000,PER,11,0 days 00:01:27.192000,46.0,4.0,,,0 days 00:00:32.177000,0 days 00:00:29.314000,0 days 00:00:25.701000,0 days 02:14:36.744000,0 days 02:15:06.058000,0 days 02:15:31.759000,232.0,277.0,280.0,298.0,False,MEDIUM,3.0,True,Red Bull Racing,0 days 02:14:04.535000,2023-10-08 18:15:04.540,1,12.0,False,,False,True,87.192,32.177,29.314,25.701
0 days 02:16:58.414000,PER,11,0 days 00:01:26.687000,47.0,4.0,,,0 days 00:00:32.078000,0 days 00:00:29.228000,0 days 00:00:25.381000,0 days 02:16:03.837000,0 days 02:16:33.065000,0 days 02:16:58.446000,231.0,276.0,280.0,298.0,True,MEDIUM,4.0,True,Red Bull Racing,0 days 02:15:31.727000,2023-10-08 18:16:31.732,1,12.0,False,,False,True,86.687,32.078,29.228,25.381
0 days 02:18:24.858000,PER,11,0 days 00:01:26.444000,48.0,4.0,,,0 days 00:00:31.972000,0 days 00:00:29.039000,0 days 00:00:25.433000,0 days 02:17:30.418000,0 days 02:17:59.457000,0 days 02:18:24.890000,231.0,279.0,280.0,300.0,True,MEDIUM,5.0,True,Red Bull Racing,0 days 02:16:58.414000,2023-10-08 18:17:58.419,1,12.0,False,,False,True,86.444,31.972,29.039,25.433
0 days 02:19:51.251000,PER,11,0 days 00:01:26.393000,49.0,4.0,,,0 days 00:00:31.954000,0 days 00:00:29.134000,0 days 00:00:25.305000,0 days 02:18:56.844000,0 days 02:19:25.978000,0 days 02:19:51.283000,234.0,278.0,280.0,300.0,True,MEDIUM,6.0,True,Red Bull Racing,0 days 02:18:24.858000,2023-10-08 18:19:24.863,1,12.0,False,,False,True,86.393,31.954,29.134,25.305
0 days 02:21:17.471000,PER,11,0 days 00:01:26.220000,50.0,4.0,,,0 days 00:00:31.755000,0 days 00:00:29.085000,0 days 00:00:25.380000,0 days 02:20:23.038000,0 days 02:20:52.123000,0 days 02:21:17.503000,236.0,279.0,280.0,300.0,True,MEDIUM,7.0,True,Red Bull Racing,0 days 02:19:51.251000,2023-10-08 18:20:51.256,1,12.0,False,,False,True,86.22,31.755,29.085,25.38
0 days 02:22:43.951000,PER,11,0 days 00:01:26.480000,51.0,4.0,,,0 days 00:00:31.835000,0 days 00:00:29.202000,0 days 00:00:25.443000,0 days 02:21:49.338000,0 days 02:22:18.540000,0 days 02:22:43.983000,237.0,278.0,281.0,302.0,False,MEDIUM,8.0,True,Red Bull Racing,0 days 02:21:17.471000,2023-10-08 18:22:17.476,1,12.0,False,,False,True,86.48,31.835,29.202,25.443
0 days 02:24:11.714000,PER,11,0 days 00:01:27.763000,52.0,4.0,,,0 days 00:00:32.496000,0 days 00:00:29.599000,0 days 00:00:25.668000,0 days 02:23:16.479000,0 days 02:23:46.078000,0 days 02:24:11.746000,231.0,283.0,291.0,303.0,False,MEDIUM,9.0,True,Red Bull Racing,0 days 02:22:43.951000,2023-10-08 18:23:43.956,1,12.0,False,,False,True,87.763,32.496,29.599,25.668
0 days 02:25:39.305000,PER,11,0 days 00:01:27.591000,53.0,4.0,,,0 days 00:00:32.757000,0 days 00:00:29.588000,0 days 00:00:25.246000,0 days 02:24:44.503000,0 days 02:25:14.091000,0 days 02:25:39.337000,227.0,278.0,288.0,322.0,False,MEDIUM,10.0,True,Red Bull Racing,0 days 02:24:11.714000,2023-10-08 18:25:11.719,1,10.0,False,,False,True,87.591,32.757,29.588,25.246
0 days 02:27:06.318000,PER,11,0 days 00:01:27.013000,54.0,4.0,,,0 days 00:00:32.055000,0 days 00:00:29.457000,0 days 00:00:25.501000,0 days 02:26:11.392000,0 days 02:26:40.849000,0 days 02:27:06.350000,230.0,278.0,281.0,323.0,False,MEDIUM,11.0,True,Red Bull Racing,0 days 02:25:39.305000,2023-10-08 18:26:39.310,1,10.0,False,,False,True,87.013,32.055,29.457,25.501
0 days 02:30:01.171000,PER,11,0 days 00:01:26.845000,56.0,4.0,,,0 days 00:00:32.216000,0 days 00:00:29.351000,0 days 00:00:25.278000,0 days 02:29:06.574000,0 days 02:29:35.925000,0 days 02:30:01.203000,232.0,277.0,281.0,298.0,False,MEDIUM,13.0,True,Red Bull Racing,0 days 02:28:34.326000,2023-10-08 18:29:34.331,1,11.0,False,,False,True,86.845,32.216,29.351,25.278
0 days 02:31:28.354000,PER,11,0 days 00:01:27.183000,57.0,4.0,,,0 days 00:00:32.224000,0 days 00:00:29.517000,0 days 00:00:25.442000,0 days 02:30:33.427000,0 days 02:31:02.944000,0 days 02:31:28.386000,232.0,276.0,283.0,298.0,False,MEDIUM,14.0,True,Red Bull Racing,0 days 02:30:01.171000,2023-10-08 18:31:01.176,1,11.0,False,,False,True,87.183,32.224,29.517,25.442
0 days 01:13:28.857000,STR,18,0 days 00:01:34.323000,5.0,2.0,,,0 days 00:00:35.195000,0 days 00:00:31.464000,0 days 00:00:27.664000,0 days 01:12:29.755000,0 days 01:13:01.219000,0 days 01:13:28.883000,216.0,278.0,278.0,319.0,True,MEDIUM,2.0,True,Aston Martin,0 days 01:11:54.534000,2023-10-08 17:12:54.539,1,17.0,False,,False,True,94.323,35.195,31.464,27.664
0 days 01:15:01.671000,STR,18,0 days 00:01:32.814000,6.0,2.0,,,0 days 00:00:34.342000,0 days 00:00:31.037000,0 days 00:00:27.435000,0 days 01:14:03.225000,0 days 01:14:34.262000,0 days 01:15:01.697000,221.0,279.0,278.0,313.0,True,MEDIUM,3.0,True,Aston Martin,0 days 01:13:28.857000,2023-10-08 17:14:28.862,1,17.0,False,,False,True,92.814,34.342,31.037,27.435
0 days 01:16:33.697000,STR,18,0 days 00:01:32.026000,7.0,2.0,,,0 days 00:00:34.206000,0 days 00:00:30.818000,0 days 00:00:27.002000,0 days 01:15:35.903000,0 days 01:16:06.721000,0 days 01:16:33.723000,226.0,279.0,287.0,312.0,True,MEDIUM,4.0,True,Aston Martin,0 days 01:15:01.671000,2023-10-08 17:16:01.676,1,17.0,False,,False,True,92.026,34.206,30.818,27.002
0 days 01:18:04.554000,STR,18,0 days 00:01:30.857000,8.0,2.0,,,0 days 00:00:33.615000,0 days 00:00:30.399000,0 days 00:00:26.843000,0 days 01:17:07.338000,0 days 01:17:37.737000,0 days 01:18:04.580000,226.0,275.0,278.0,335.0,True,MEDIUM,5.0,True,Aston Martin,0 days 01:16:33.697000,2023-10-08 17:17:33.702,1,16.0,False,,False,True,90.857,33.615,30.399,26.843
0 days 01:19:35.360000,STR,18,0 days 00:01:30.806000,9.0,2.0,,,0 days 00:00:33.434000,0 days 00:00:30.366000,0 days 00:00:27.006000,0 days 01:18:38.014000,0 days 01:19:08.380000,0 days 01:19:35.386000,227.0,279.0,278.0,312.0,True,MEDIUM,6.0,True,Aston Martin,0 days 01:18:04.554000,2023-10-08 17:19:04.559,1,16.0,False,,False,True,90.806,33.434,30.366,27.006
0 days 01:21:06.358000,STR,18,0 days 00:01:30.998000,10.0,2.0,,,0 days 00:00:33.539000,0 days 00:00:30.478000,0 days 00:00:26.981000,0 days 01:20:08.925000,0 days 01:20:39.403000,0 days 01:21:06.384000,228.0,279.0,279.0,313.0,False,MEDIUM,7.0,True,Aston Martin,0 days 01:19:35.360000,2023-10-08 17:20:35.365,1,15.0,False,,False,True,90.998,33.539,30.478,26.981
0 days 01:22:37.289000,STR,18,0 days 00:01:30.931000,11.0,2.0,,,0 days 00:00:33.468000,0 days 00:00:30.456000,0 days 00:00:27.007000,0 days 01:21:39.852000,0 days 01:22:10.308000,0 days 01:22:37.315000,228.0,280.0,284.0,313.0,False,MEDIUM,8.0,True,Aston Martin,0 days 01:21:06.358000,2023-10-08 17:22:06.363,1,14.0,False,,False,True,90.931,33.468,30.456,27.007
0 days 01:24:08.695000,STR,18,0 days 00:01:31.406000,12.0,2.0,,,0 days 00:00:33.873000,0 days 00:00:30.581000,0 days 00:00:26.952000,0 days 01:23:11.188000,0 days 01:23:41.769000,0 days 01:24:08.721000,224.0,280.0,284.0,332.0,False,MEDIUM,9.0,True,Aston Martin,0 days 01:22:37.289000,2023-10-08 17:23:37.294,1,12.0,False,,False,True,91.406,33.873,30.581,26.952
0 days 01:25:39.762000,STR,18,0 days 00:01:31.067000,13.0,2.0,,,0 days 00:00:33.548000,0 days 00:00:30.706000,0 days 00:00:26.813000,0 days 01:24:42.269000,0 days 01:25:12.975000,0 days 01:25:39.788000,224.0,278.0,283.0,329.0,False,MEDIUM,10.0,True,Aston Martin,0 days 01:24:08.695000,2023-10-08 17:25:08.700,1,10.0,False,,False,True,91.067,33.548,30.706,26.813
0 days 01:27:11.141000,STR,18,0 days 00:01:31.379000,14.0,2.0,,,0 days 00:00:33.410000,0 days 00:00:30.754000,0 days 00:00:27.215000,0 days 01:26:13.198000,0 days 01:26:43.952000,0 days 01:27:11.167000,226.0,277.0,277.0,331.0,False,MEDIUM,11.0,True,Aston Martin,0 days 01:25:39.762000,2023-10-08 17:26:39.767,1,7.0,False,,False,True,91.379,33.41,30.754,27.215
0 days 01:28:41.778000,STR,18,0 days 00:01:30.637000,15.0,2.0,,,0 days 00:00:33.438000,0 days 00:00:30.448000,0 days 00:00:26.751000,0 days 01:27:44.605000,0 days 01:28:15.053000,0 days 01:28:41.804000,225.0,281.0,278.0,310.0,True,MEDIUM,12.0,True,Aston Martin,0 days 01:27:11.141000,2023-10-08 17:28:11.146,1,6.0,False,,False,True,90.637,33.438,30.448,26.751
0 days 01:30:11.838000,STR,18,0 days 00:01:30.060000,16.0,2.0,,,0 days 00:00:33.382000,0 days 00:00:30.169000,0 days 00:00:26.509000,0 days 01:29:15.186000,0 days 01:29:45.355000,0 days 01:30:11.864000,227.0,279.0,278.0,309.0,True,MEDIUM,13.0,True,Aston Martin,0 days 01:28:41.778000,2023-10-08 17:29:41.783,1,6.0,False,,False,True,90.06,33.382,30.169,26.509
0 days 01:31:42.821000,STR,18,0 days 00:01:30.983000,17.0,2.0,,,0 days 00:00:34.015000,0 days 00:00:30.206000,0 days 00:00:26.762000,0 days 01:30:45.879000,0 days 01:31:16.085000,0 days 01:31:42.847000,225.0,278.0,278.0,308.0,False,MEDIUM,14.0,True,Aston Martin,0 days 01:30:11.838000,2023-10-08 17:31:11.843,1,7.0,False,,False,True,90.983,34.015,30.206,26.762
0 days 01:33:13.544000,STR,18,0 days 00:01:30.723000,18.0,2.0,,,0 days 00:00:33.353000,0 days 00:00:30.265000,0 days 00:00:27.105000,0 days 01:32:16.200000,0 days 01:32:46.465000,0 days 01:33:13.570000,225.0,277.0,276.0,310.0,False,MEDIUM,15.0,True,Aston Martin,0 days 01:31:42.821000,2023-10-08 17:32:42.826,1,7.0,False,,False,True,90.723,33.353,30.265,27.105
0 days 01:34:44.077000,STR,18,0 days 00:01:30.533000,19.0,2.0,,,0 days 00:00:33.766000,0 days 00:00:30.167000,0 days 00:00:26.600000,0 days 01:33:47.336000,0 days 01:34:17.503000,0 days 01:34:44.103000,223.0,279.0,279.0,315.0,False,MEDIUM,16.0,True,Aston Martin,0 days 01:33:13.544000,2023-10-08 17:34:13.549,1,5.0,False,,False,True,90.533,33.766,30.167,26.6
0 days 01:41:10.284000,STR,18,0 days 00:01:28.522000,23.0,3.0,,,0 days 00:00:32.809000,0 days 00:00:29.418000,0 days 00:00:26.295000,0 days 01:40:14.597000,0 days 01:40:44.015000,0 days 01:41:10.310000,230.0,278.0,280.0,309.0,True,HARD,2.0,True,Aston Martin,0 days 01:39:41.762000,2023-10-08 17:40:41.767,1,15.0,False,,False,True,88.522,32.809,29.418,26.295
0 days 01:42:38.702000,STR,18,0 days 00:01:28.418000,24.0,3.0,,,0 days 00:00:32.690000,0 days 00:00:29.470000,0 days 00:00:26.258000,0 days 01:41:43,0 days 01:42:12.470000,0 days 01:42:38.728000,230.0,280.0,279.0,310.0,True,HARD,3.0,True,Aston Martin,0 days 01:41:10.284000,2023-10-08 17:42:10.289,1,15.0,False,,False,True,88.418,32.69,29.47,26.258
0 days 01:44:06.869000,STR,18,0 days 00:01:28.167000,25.0,3.0,,,0 days 00:00:32.622000,0 days 00:00:29.516000,0 days 00:00:26.029000,0 days 01:43:11.350000,0 days 01:43:40.866000,0 days 01:44:06.895000,233.0,279.0,280.0,311.0,True,HARD,4.0,True,Aston Martin,0 days 01:42:38.702000,2023-10-08 17:43:38.707,1,15.0,False,,False,True,88.167,32.622,29.516,26.029
0 days 01:45:35.173000,STR,18,0 days 00:01:28.304000,26.0,3.0,,,0 days 00:00:32.821000,0 days 00:00:29.485000,0 days 00:00:25.998000,0 days 01:44:39.716000,0 days 01:45:09.201000,0 days 01:45:35.199000,231.0,280.0,285.0,311.0,False,HARD,5.0,True,Aston Martin,0 days 01:44:06.869000,2023-10-08 17:45:06.874,1,13.0,False,,False,True,88.304,32.821,29.485,25.998
0 days 01:47:03.309000,STR,18,0 days 00:01:28.136000,27.0,3.0,,,0 days 00:00:32.462000,0 days 00:00:29.638000,0 days 00:00:26.036000,0 days 01:46:07.661000,0 days 01:46:37.299000,0 days 01:47:03.335000,233.0,280.0,280.0,329.0,True,HARD,6.0,True,Aston Martin,0 days 01:45:35.173000,2023-10-08 17:46:35.178,1,10.0,False,,False,True,88.136,32.462,29.638,26.036
0 days 01:48:31.303000,STR,18,0 days 00:01:27.994000,28.0,3.0,,,0 days 00:00:32.527000,0 days 00:00:29.510000,0 days 00:00:25.957000,0 days 01:47:35.862000,0 days 01:48:05.372000,0 days 01:48:31.329000,234.0,279.0,280.0,312.0,True,HARD,7.0,True,Aston Martin,0 days 01:47:03.309000,2023-10-08 17:48:03.314,1,10.0,False,,False,True,87.994,32.527,29.51,25.957
0 days 01:49:59.903000,STR,18,0 days 00:01:28.600000,29.0,3.0,,,0 days 00:00:32.552000,0 days 00:00:30.117000,0 days 00:00:25.931000,0 days 01:49:03.881000,0 days 01:49:33.998000,0 days 01:49:59.929000,234.0,280.0,279.0,312.0,False,HARD,8.0,True,Aston Martin,0 days 01:48:31.303000,2023-10-08 17:49:31.308,1,10.0,False,,False,True,88.6,32.552,30.117,25.931
0 days 01:51:27.743000,STR,18,0 days 00:01:27.840000,30.0,3.0,,,0 days 00:00:32.481000,0 days 00:00:29.570000,0 days 00:00:25.789000,0 days 01:50:32.410000,0 days 01:51:01.980000,0 days 01:51:27.769000,233.0,280.0,281.0,310.0,True,HARD,9.0,True,Aston Martin,0 days 01:49:59.903000,2023-10-08 17:50:59.908,1,10.0,False,,False,True,87.84,32.481,29.57,25.789
0 days 01:52:57.020000,STR,18,0 days 00:01:29.277000,31.0,3.0,,,0 days 00:00:33.414000,0 days 00:00:29.857000,0 days 00:00:26.006000,0 days 01:52:01.183000,0 days 01:52:31.040000,0 days 01:52:57.046000,230.0,280.0,280.0,310.0,False,HARD,10.0,True,Aston Martin,0 days 01:51:27.743000,2023-10-08 17:52:27.748,1,11.0,False,,False,True,89.277,33.414,29.857,26.006
0 days 01:54:24.963000,STR,18,0 days 00:01:27.943000,32.0,3.0,,,0 days 00:00:32.512000,0 days 00:00:29.628000,0 days 00:00:25.803000,0 days 01:53:29.558000,0 days 01:53:59.186000,0 days 01:54:24.989000,232.0,278.0,279.0,312.0,False,HARD,11.0,True,Aston Martin,0 days 01:52:57.020000,2023-10-08 17:53:57.025,1,9.0,False,,False,True,87.943,32.512,29.628,25.803
0 days 01:57:21.987000,STR,18,0 days 00:01:28.205000,34.0,3.0,,,0 days 00:00:32.494000,0 days 00:00:29.814000,0 days 00:00:25.897000,0 days 01:56:26.302000,0 days 01:56:56.116000,0 days 01:57:22.013000,231.0,280.0,282.0,331.0,False,HARD,13.0,True,Aston Martin,0 days 01:55:53.782000,2023-10-08 17:56:53.787,1,9.0,False,,False,True,88.205,32.494,29.814,25.897
0 days 01:58:50.064000,STR,18,0 days 00:01:28.077000,35.0,3.0,,,0 days 00:00:32.598000,0 days 00:00:29.645000,0 days 00:00:25.834000,0 days 01:57:54.611000,0 days 01:58:24.256000,0 days 01:58:50.090000,232.0,279.0,282.0,313.0,False,HARD,14.0,True,Aston Martin,0 days 01:57:21.987000,2023-10-08 17:58:21.992,1,9.0,False,,False,True,88.077,32.598,29.645,25.834
0 days 02:01:49.157000,STR,18,0 days 00:01:29.497000,37.0,3.0,,,0 days 00:00:32.590000,0 days 00:00:30.653000,0 days 00:00:26.254000,0 days 02:00:52.276000,0 days 02:01:22.929000,0 days 02:01:49.183000,231.0,279.0,286.0,312.0,False,HARD,16.0,True,Aston Martin,0 days 02:00:19.660000,2023-10-08 18:01:19.665,1,10.0,False,,False,True,89.497,32.59,30.653,26.254
0 days 02:03:17.574000,STR,18,0 days 00:01:28.417000,38.0,3.0,,,0 days 00:00:32.865000,0 days 00:00:29.719000,0 days 00:00:25.833000,0 days 02:02:22.048000,0 days 02:02:51.767000,0 days 02:03:17.600000,233.0,280.0,281.0,329.0,False,HARD,17.0,True,Aston Martin,0 days 02:01:49.157000,2023-10-08 18:02:49.162,1,10.0,False,,False,True,88.417,32.865,29.719,25.833
0 days 02:08:08.615000,STR,18,0 days 00:01:27.453000,41.0,4.0,,,0 days 00:00:32.400000,0 days 00:00:29.265000,0 days 00:00:25.788000,0 days 02:07:13.588000,0 days 02:07:42.853000,0 days 02:08:08.641000,235.0,280.0,280.0,309.0,True,MEDIUM,2.0,True,Aston Martin,0 days 02:06:41.162000,2023-10-08 18:07:41.167,1,13.0,False,,False,True,87.453,32.4,29.265,25.788
0 days 02:09:35.770000,STR,18,0 days 00:01:27.155000,42.0,4.0,,,0 days 00:00:32.380000,0 days 00:00:29.241000,0 days 00:00:25.534000,0 days 02:08:41.021000,0 days 02:09:10.262000,0 days 02:09:35.796000,234.0,281.0,281.0,310.0,True,MEDIUM,3.0,True,Aston Martin,0 days 02:08:08.615000,2023-10-08 18:09:08.620,1,13.0,False,,False,True,87.155,32.38,29.241,25.534
0 days 02:11:02.820000,STR,18,0 days 00:01:27.050000,43.0,4.0,,,0 days 00:00:32.245000,0 days 00:00:29.175000,0 days 00:00:25.630000,0 days 02:10:08.041000,0 days 02:10:37.216000,0 days 02:11:02.846000,237.0,280.0,282.0,309.0,True,MEDIUM,4.0,True,Aston Martin,0 days 02:09:35.770000,2023-10-08 18:10:35.775,1,13.0,False,,False,True,87.05,32.245,29.175,25.63
0 days 02:12:29.949000,STR,18,0 days 00:01:27.129000,44.0,4.0,,,0 days 00:00:32.276000,0 days 00:00:29.088000,0 days 00:00:25.765000,0 days 02:11:35.122000,0 days 02:12:04.210000,0 days 02:12:29.975000,234.0,281.0,282.0,311.0,False,MEDIUM,5.0,True,Aston Martin,0 days 02:11:02.820000,2023-10-08 18:12:02.825,1,12.0,False,,False,True,87.129,32.276,29.088,25.765
0 days 02:13:57.295000,STR,18,0 days 00:01:27.346000,45.0,4.0,,,0 days 00:00:32.457000,0 days 00:00:29.373000,0 days 00:00:25.516000,0 days 02:13:02.432000,0 days 02:13:31.805000,0 days 02:13:57.321000,234.0,281.0,282.0,312.0,False,MEDIUM,6.0,True,Aston Martin,0 days 02:12:29.949000,2023-10-08 18:13:29.954,1,10.0,False,,False,True,87.346,32.457,29.373,25.516
0 days 02:15:24.634000,STR,18,0 days 00:01:27.339000,46.0,4.0,,,0 days 00:00:32.407000,0 days 00:00:29.397000,0 days 00:00:25.535000,0 days 02:14:29.728000,0 days 02:14:59.125000,0 days 02:15:24.660000,234.0,281.0,281.0,311.0,False,MEDIUM,7.0,True,Aston Martin,0 days 02:13:57.295000,2023-10-08 18:14:57.300,1,10.0,False,,False,True,87.339,32.407,29.397,25.535
0 days 02:16:51.721000,STR,18,0 days 00:01:27.087000,47.0,4.0,,,0 days 00:00:32.298000,0 days 00:00:29.259000,0 days 00:00:25.530000,0 days 02:15:56.958000,0 days 02:16:26.217000,0 days 02:16:51.747000,236.0,281.0,282.0,312.0,False,MEDIUM,8.0,True,Aston Martin,0 days 02:15:24.634000,2023-10-08 18:16:24.639,1,10.0,False,,False,True,87.087,32.298,29.259,25.53
0 days 02:18:18.776000,STR,18,0 days 00:01:27.055000,48.0,4.0,,,0 days 00:00:32.210000,0 days 00:00:29.261000,0 days 00:00:25.584000,0 days 02:17:23.957000,0 days 02:17:53.218000,0 days 02:18:18.802000,234.0,281.0,280.0,312.0,False,MEDIUM,9.0,True,Aston Martin,0 days 02:16:51.721000,2023-10-08 18:17:51.726,1,10.0,False,,False,True,87.055,32.21,29.261,25.584
0 days 02:19:45.872000,STR,18,0 days 00:01:27.096000,49.0,4.0,,,0 days 00:00:32.275000,0 days 00:00:29.273000,0 days 00:00:25.548000,0 days 02:18:51.077000,0 days 02:19:20.350000,0 days 02:19:45.898000,234.0,281.0,280.0,311.0,False,MEDIUM,10.0,True,Aston Martin,0 days 02:18:18.776000,2023-10-08 18:19:18.781,1,10.0,False,,False,True,87.096,32.275,29.273,25.548
0 days 02:21:14.481000,STR,18,0 days 00:01:28.609000,50.0,4.0,,,0 days 00:00:32.512000,0 days 00:00:30.606000,0 days 00:00:25.491000,0 days 02:20:18.410000,0 days 02:20:49.016000,0 days 02:21:14.507000,232.0,283.0,280.0,310.0,False,MEDIUM,11.0,True,Aston Martin,0 days 02:19:45.872000,2023-10-08 18:20:45.877,1,10.0,False,,False,True,88.609,32.512,30.606,25.491
0 days 02:22:41.338000,STR,18,0 days 00:01:26.857000,51.0,4.0,,,0 days 00:00:32.148000,0 days 00:00:29.365000,0 days 00:00:25.344000,0 days 02:21:46.655000,0 days 02:22:16.020000,0 days 02:22:41.364000,234.0,279.0,282.0,308.0,True,MEDIUM,12.0,True,Aston Martin,0 days 02:21:14.481000,2023-10-08 18:22:14.486,1,10.0,False,,False,True,86.857,32.148,29.365,25.344
0 days 02:25:38.614000,STR,18,0 days 00:01:27.224000,53.0,4.0,,,0 days 00:00:32.656000,0 days 00:00:29.269000,0 days 00:00:25.299000,0 days 02:24:44.072000,0 days 02:25:13.341000,0 days 02:25:38.640000,233.0,279.0,281.0,314.0,False,MEDIUM,14.0,True,Aston Martin,0 days 02:24:11.390000,2023-10-08 18:25:11.395,1,9.0,False,,False,True,87.224,32.656,29.269,25.299
0 days 02:27:05.151000,STR,18,0 days 00:01:26.537000,54.0,4.0,,,0 days 00:00:32.030000,0 days 00:00:29.112000,0 days 00:00:25.395000,0 days 02:26:10.670000,0 days 02:26:39.782000,0 days 02:27:05.177000,234.0,280.0,279.0,308.0,True,MEDIUM,15.0,True,Aston Martin,0 days 02:25:38.614000,2023-10-08 18:26:38.619,1,9.0,False,,False,True,86.537,32.03,29.112,25.395
0 days 02:28:31.503000,STR,18,0 days 00:01:26.352000,55.0,4.0,,,0 days 00:00:31.983000,0 days 00:00:29.099000,0 days 00:00:25.270000,0 days 02:27:37.160000,0 days 02:28:06.259000,0 days 02:28:31.529000,232.0,279.0,280.0,308.0,True,MEDIUM,16.0,True,Aston Martin,0 days 02:27:05.151000,2023-10-08 18:28:05.156,1,9.0,False,,False,True,86.352,31.983,29.099,25.27
0 days 02:29:58.121000,STR,18,0 days 00:01:26.618000,56.0,4.0,,,0 days 00:00:32.068000,0 days 00:00:29.255000,0 days 00:00:25.295000,0 days 02:29:03.597000,0 days 02:29:32.852000,0 days 02:29:58.147000,233.0,279.0,282.0,306.0,False,MEDIUM,17.0,True,Aston Martin,0 days 02:28:31.503000,2023-10-08 18:29:31.508,1,9.0,False,,False,True,86.618,32.068,29.255,25.295
0 days 02:31:24.825000,STR,18,0 days 00:01:26.704000,57.0,4.0,,,0 days 00:00:32.020000,0 days 00:00:29.184000,0 days 00:00:25.500000,0 days 02:30:30.167000,0 days 02:30:59.351000,0 days 02:31:24.851000,232.0,278.0,283.0,308.0,False,MEDIUM,18.0,True,Aston Martin,0 days 02:29:58.121000,2023-10-08 18:30:58.126,1,9.0,False,,False,True,86.704,32.02,29.184,25.5
0 days 01:14:54.369000,GAS,10,0 days 00:01:30.928000,6.0,1.0,,,0 days 00:00:33.781000,0 days 00:00:30.219000,0 days 00:00:26.928000,0 days 01:13:57.243000,0 days 01:14:27.462000,0 days 01:14:54.390000,227.0,282.0,277.0,295.0,True,MEDIUM,13.0,False,Alpine,0 days 01:13:23.441000,2023-10-08 17:14:23.446,1,7.0,False,,False,True,90.928,33.781,30.219,26.928
0 days 01:16:24.963000,GAS,10,0 days 00:01:30.594000,7.0,1.0,,,0 days 00:00:33.589000,0 days 00:00:30.197000,0 days 00:00:26.808000,0 days 01:15:27.979000,0 days 01:15:58.176000,0 days 01:16:24.984000,227.0,277.0,282.0,296.0,True,MEDIUM,14.0,False,Alpine,0 days 01:14:54.369000,2023-10-08 17:15:54.374,1,7.0,False,,False,True,90.594,33.589,30.197,26.808
0 days 01:17:55.413000,GAS,10,0 days 00:01:30.450000,8.0,1.0,,,0 days 00:00:33.225000,0 days 00:00:30.271000,0 days 00:00:26.954000,0 days 01:16:58.209000,0 days 01:17:28.480000,0 days 01:17:55.434000,227.0,279.0,280.0,313.0,True,MEDIUM,15.0,False,Alpine,0 days 01:16:24.963000,2023-10-08 17:17:24.968,1,7.0,False,,False,True,90.45,33.225,30.271,26.954
0 days 01:19:25.635000,GAS,10,0 days 00:01:30.222000,9.0,1.0,,,0 days 00:00:33.210000,0 days 00:00:30.308000,0 days 00:00:26.704000,0 days 01:18:28.644000,0 days 01:18:58.952000,0 days 01:19:25.656000,227.0,281.0,276.0,314.0,True,MEDIUM,16.0,False,Alpine,0 days 01:17:55.413000,2023-10-08 17:18:55.418,1,7.0,False,,False,True,90.222,33.21,30.308,26.704
0 days 01:20:56.051000,GAS,10,0 days 00:01:30.416000,10.0,1.0,,,0 days 00:00:33.536000,0 days 00:00:30.124000,0 days 00:00:26.756000,0 days 01:19:59.192000,0 days 01:20:29.316000,0 days 01:20:56.072000,225.0,279.0,273.0,297.0,False,MEDIUM,17.0,False,Alpine,0 days 01:19:25.635000,2023-10-08 17:20:25.640,1,6.0,False,,False,True,90.416,33.536,30.124,26.756
0 days 01:25:52.991000,GAS,10,0 days 00:01:29.180000,13.0,2.0,,,0 days 00:00:33.225000,0 days 00:00:29.741000,0 days 00:00:26.214000,0 days 01:24:57.057000,0 days 01:25:26.798000,0 days 01:25:53.012000,226.0,278.0,277.0,294.0,True,MEDIUM,7.0,False,Alpine,0 days 01:24:23.811000,2023-10-08 17:25:23.816,1,17.0,False,,False,True,89.18,33.225,29.741,26.214
0 days 01:27:21.964000,GAS,10,0 days 00:01:28.973000,14.0,2.0,,,0 days 00:00:33.050000,0 days 00:00:29.679000,0 days 00:00:26.244000,0 days 01:26:26.062000,0 days 01:26:55.741000,0 days 01:27:21.985000,228.0,279.0,277.0,298.0,True,MEDIUM,8.0,False,Alpine,0 days 01:25:52.991000,2023-10-08 17:26:52.996,1,15.0,False,,False,True,88.973,33.05,29.679,26.244
0 days 01:28:50.703000,GAS,10,0 days 00:01:28.739000,15.0,2.0,,,0 days 00:00:33.021000,0 days 00:00:29.595000,0 days 00:00:26.123000,0 days 01:27:55.006000,0 days 01:28:24.601000,0 days 01:28:50.724000,228.0,281.0,284.0,299.0,True,MEDIUM,9.0,False,Alpine,0 days 01:27:21.964000,2023-10-08 17:28:21.969,1,14.0,False,,False,True,88.739,33.021,29.595,26.123
0 days 01:31:50.775000,GAS,10,0 days 00:01:30.631000,17.0,2.0,,,0 days 00:00:33.591000,0 days 00:00:30.573000,0 days 00:00:26.467000,0 days 01:30:53.756000,0 days 01:31:24.329000,0 days 01:31:50.796000,224.0,283.0,283.0,317.0,False,MEDIUM,11.0,False,Alpine,0 days 01:30:20.144000,2023-10-08 17:31:20.149,1,14.0,False,,False,True,90.631,33.591,30.573,26.467
0 days 01:33:20.673000,GAS,10,0 days 00:01:29.898000,18.0,2.0,,,0 days 00:00:33.176000,0 days 00:00:30.209000,0 days 00:00:26.513000,0 days 01:32:23.972000,0 days 01:32:54.181000,0 days 01:33:20.694000,224.0,277.0,286.0,319.0,False,MEDIUM,12.0,False,Alpine,0 days 01:31:50.775000,2023-10-08 17:32:50.780,1,12.0,False,,False,True,89.898,33.176,30.209,26.513
0 days 01:34:49.780000,GAS,10,0 days 00:01:29.107000,19.0,2.0,,,0 days 00:00:33.083000,0 days 00:00:29.851000,0 days 00:00:26.173000,0 days 01:33:53.777000,0 days 01:34:23.628000,0 days 01:34:49.801000,224.0,280.0,276.0,312.0,False,MEDIUM,13.0,False,Alpine,0 days 01:33:20.673000,2023-10-08 17:34:20.678,1,9.0,False,,False,True,89.107,33.083,29.851,26.173
0 days 01:36:19.053000,GAS,10,0 days 00:01:29.273000,20.0,2.0,,,0 days 00:00:33.223000,0 days 00:00:29.936000,0 days 00:00:26.114000,0 days 01:35:23.024000,0 days 01:35:52.960000,0 days 01:36:19.074000,229.0,273.0,277.0,292.0,False,MEDIUM,14.0,False,Alpine,0 days 01:34:49.780000,2023-10-08 17:35:49.785,1,9.0,False,,False,True,89.273,33.223,29.936,26.114
0 days 01:37:48.652000,GAS,10,0 days 00:01:29.599000,21.0,2.0,,,0 days 00:00:33.580000,0 days 00:00:29.934000,0 days 00:00:26.085000,0 days 01:36:52.654000,0 days 01:37:22.588000,0 days 01:37:48.673000,227.0,275.0,278.0,299.0,False,MEDIUM,15.0,False,Alpine,0 days 01:36:19.053000,2023-10-08 17:37:19.058,1,8.0,False,,False,True,89.599,33.58,29.934,26.085
0 days 01:39:17.607000,GAS,10,0 days 00:01:28.955000,22.0,2.0,,,0 days 00:00:33.231000,0 days 00:00:29.807000,0 days 00:00:25.917000,0 days 01:38:21.904000,0 days 01:38:51.711000,0 days 01:39:17.628000,226.0,276.0,278.0,299.0,False,MEDIUM,16.0,False,Alpine,0 days 01:37:48.652000,2023-10-08 17:38:48.657,1,7.0,False,,False,True,88.955,33.231,29.807,25.917
0 days 01:40:47.278000,GAS,10,0 days 00:01:29.671000,23.0,2.0,,,0 days 00:00:33.907000,0 days 00:00:29.816000,0 days 00:00:25.948000,0 days 01:39:51.535000,0 days 01:40:21.351000,0 days 01:40:47.299000,224.0,282.0,279.0,305.0,False,MEDIUM,17.0,False,Alpine,0 days 01:39:17.607000,2023-10-08 17:40:17.612,1,8.0,False,,False,True,89.671,33.907,29.816,25.948
0 days 01:42:16.256000,GAS,10,0 days 00:01:28.978000,24.0,2.0,,,0 days 00:00:33.167000,0 days 00:00:29.729000,0 days 00:00:26.082000,0 days 01:41:20.466000,0 days 01:41:50.195000,0 days 01:42:16.277000,227.0,271.0,277.0,298.0,False,MEDIUM,18.0,False,Alpine,0 days 01:40:47.278000,2023-10-08 17:41:47.283,1,8.0,False,,False,True,88.978,33.167,29.729,26.082
0 days 01:43:44.821000,GAS,10,0 days 00:01:28.565000,25.0,2.0,,,0 days 00:00:32.846000,0 days 00:00:29.713000,0 days 00:00:26.006000,0 days 01:42:49.123000,0 days 01:43:18.836000,0 days 01:43:44.842000,228.0,276.0,279.0,300.0,True,MEDIUM,19.0,False,Alpine,0 days 01:42:16.256000,2023-10-08 17:43:16.261,1,6.0,False,,False,True,88.565,32.846,29.713,26.006
0 days 01:50:06.293000,GAS,10,0 days 00:01:27.382000,29.0,3.0,,,0 days 00:00:32.416000,0 days 00:00:29.114000,0 days 00:00:25.852000,0 days 01:49:11.348000,0 days 01:49:40.462000,0 days 01:50:06.314000,231.0,271.0,277.0,296.0,True,HARD,3.0,True,Alpine,0 days 01:48:38.911000,2023-10-08 17:49:38.916,1,13.0,False,,False,True,87.382,32.416,29.114,25.852
0 days 01:51:33.752000,GAS,10,0 days 00:01:27.459000,30.0,3.0,,,0 days 00:00:32.552000,0 days 00:00:29.211000,0 days 00:00:25.696000,0 days 01:50:38.866000,0 days 01:51:08.077000,0 days 01:51:33.773000,230.0,279.0,278.0,297.0,False,HARD,4.0,True,Alpine,0 days 01:50:06.293000,2023-10-08 17:51:06.298,1,13.0,False,,False,True,87.459,32.552,29.211,25.696
0 days 01:53:00.958000,GAS,10,0 days 00:01:27.206000,31.0,3.0,,,0 days 00:00:32.447000,0 days 00:00:29.131000,0 days 00:00:25.628000,0 days 01:52:06.220000,0 days 01:52:35.351000,0 days 01:53:00.979000,231.0,279.0,279.0,296.0,True,HARD,5.0,True,Alpine,0 days 01:51:33.752000,2023-10-08 17:52:33.757,1,13.0,False,,False,True,87.206,32.447,29.131,25.628
0 days 01:54:28.356000,GAS,10,0 days 00:01:27.398000,32.0,3.0,,,0 days 00:00:32.341000,0 days 00:00:29.363000,0 days 00:00:25.694000,0 days 01:53:33.320000,0 days 01:54:02.683000,0 days 01:54:28.377000,232.0,281.0,278.0,295.0,False,HARD,6.0,True,Alpine,0 days 01:53:00.958000,2023-10-08 17:54:00.963,1,11.0,False,,False,True,87.398,32.341,29.363,25.694
0 days 01:57:23.976000,GAS,10,0 days 00:01:27.658000,34.0,3.0,,,0 days 00:00:32.608000,0 days 00:00:29.277000,0 days 00:00:25.773000,0 days 01:56:28.947000,0 days 01:56:58.224000,0 days 01:57:23.997000,230.0,282.0,279.0,296.0,False,HARD,8.0,True,Alpine,0 days 01:55:56.318000,2023-10-08 17:56:56.323,1,11.0,False,,False,True,87.658,32.608,29.277,25.773
0 days 01:58:51.627000,GAS,10,0 days 00:01:27.651000,35.0,3.0,,,0 days 00:00:32.412000,0 days 00:00:29.331000,0 days 00:00:25.908000,0 days 01:57:56.409000,0 days 01:58:25.740000,0 days 01:58:51.648000,231.0,280.0,279.0,297.0,False,HARD,9.0,True,Alpine,0 days 01:57:23.976000,2023-10-08 17:58:23.981,1,11.0,False,,False,True,87.651,32.412,29.331,25.908
0 days 02:00:20.173000,GAS,10,0 days 00:01:28.546000,36.0,3.0,,,0 days 00:00:32.638000,0 days 00:00:29.988000,0 days 00:00:25.920000,0 days 01:59:24.286000,0 days 01:59:54.274000,0 days 02:00:20.194000,229.0,282.0,286.0,295.0,False,HARD,10.0,True,Alpine,0 days 01:58:51.627000,2023-10-08 17:59:51.632,1,10.0,False,,False,True,88.546,32.638,29.988,25.92
0 days 02:01:48.179000,GAS,10,0 days 00:01:28.006000,37.0,3.0,,,0 days 00:00:32.748000,0 days 00:00:29.566000,0 days 00:00:25.692000,0 days 02:00:52.942000,0 days 02:01:22.508000,0 days 02:01:48.200000,230.0,277.0,279.0,317.0,False,HARD,11.0,True,Alpine,0 days 02:00:20.173000,2023-10-08 18:01:20.178,1,9.0,False,,False,True,88.006,32.748,29.566,25.692
0 days 02:03:15.940000,GAS,10,0 days 00:01:27.761000,38.0,3.0,,,0 days 00:00:32.800000,0 days 00:00:29.262000,0 days 00:00:25.699000,0 days 02:02:21,0 days 02:02:50.262000,0 days 02:03:15.961000,230.0,283.0,284.0,291.0,False,HARD,12.0,True,Alpine,0 days 02:01:48.179000,2023-10-08 18:02:48.184,1,9.0,False,,False,True,87.761,32.8,29.262,25.699
0 days 02:04:44.058000,GAS,10,0 days 00:01:28.118000,39.0,3.0,,,0 days 00:00:32.765000,0 days 00:00:29.438000,0 days 00:00:25.915000,0 days 02:03:48.726000,0 days 02:04:18.164000,0 days 02:04:44.079000,231.0,282.0,283.0,315.0,False,HARD,13.0,True,Alpine,0 days 02:03:15.940000,2023-10-08 18:04:15.945,1,8.0,False,,False,True,88.118,32.765,29.438,25.915
0 days 02:06:10.716000,GAS,10,0 days 00:01:26.658000,40.0,3.0,,,0 days 00:00:32.025000,0 days 00:00:29.040000,0 days 00:00:25.593000,0 days 02:05:16.104000,0 days 02:05:45.144000,0 days 02:06:10.737000,233.0,281.0,279.0,310.0,True,HARD,14.0,True,Alpine,0 days 02:04:44.058000,2023-10-08 18:05:44.063,1,8.0,False,,False,True,86.658,32.025,29.04,25.593
0 days 02:15:26.923000,GAS,10,0 days 00:01:26.980000,46.0,4.0,,,0 days 00:00:32.268000,0 days 00:00:29.251000,0 days 00:00:25.461000,0 days 02:14:32.232000,0 days 02:15:01.483000,0 days 02:15:26.944000,235.0,281.0,279.0,292.0,False,MEDIUM,2.0,True,Alpine,0 days 02:13:59.943000,2023-10-08 18:14:59.948,1,11.0,False,,False,True,86.98,32.268,29.251,25.461
0 days 02:16:55.763000,GAS,10,0 days 00:01:28.840000,47.0,4.0,,,0 days 00:00:32.143000,0 days 00:00:29.030000,0 days 00:00:27.667000,0 days 02:15:59.087000,0 days 02:16:28.117000,0 days 02:16:55.784000,234.0,283.0,274.0,295.0,False,MEDIUM,3.0,True,Alpine,0 days 02:15:26.923000,2023-10-08 18:16:26.928,1,11.0,False,,False,True,88.84,32.143,29.03,27.667
0 days 02:18:22.261000,GAS,10,0 days 00:01:26.498000,48.0,4.0,,,0 days 00:00:32.241000,0 days 00:00:28.887000,0 days 00:00:25.370000,0 days 02:17:28.025000,0 days 02:17:56.912000,0 days 02:18:22.282000,235.0,283.0,280.0,297.0,True,MEDIUM,4.0,True,Alpine,0 days 02:16:55.763000,2023-10-08 18:17:55.768,1,11.0,False,,False,True,86.498,32.241,28.887,25.37
0 days 02:19:48.571000,GAS,10,0 days 00:01:26.310000,49.0,4.0,,,0 days 00:00:31.950000,0 days 00:00:28.923000,0 days 00:00:25.437000,0 days 02:18:54.232000,0 days 02:19:23.155000,0 days 02:19:48.592000,236.0,282.0,280.0,297.0,True,MEDIUM,5.0,True,Alpine,0 days 02:18:22.261000,2023-10-08 18:19:22.266,1,11.0,False,,False,True,86.31,31.95,28.923,25.437
0 days 02:21:15.090000,GAS,10,0 days 00:01:26.519000,50.0,4.0,,,0 days 00:00:31.953000,0 days 00:00:29.123000,0 days 00:00:25.443000,0 days 02:20:20.545000,0 days 02:20:49.668000,0 days 02:21:15.111000,233.0,283.0,286.0,295.0,False,MEDIUM,6.0,True,Alpine,0 days 02:19:48.571000,2023-10-08 18:20:48.576,1,11.0,False,,False,True,86.519,31.953,29.123,25.443
0 days 02:22:41.713000,GAS,10,0 days 00:01:26.623000,51.0,4.0,,,0 days 00:00:32.117000,0 days 00:00:29.156000,0 days 00:00:25.350000,0 days 02:21:47.228000,0 days 02:22:16.384000,0 days 02:22:41.734000,234.0,285.0,287.0,314.0,False,MEDIUM,7.0,True,Alpine,0 days 02:21:15.090000,2023-10-08 18:22:15.095,1,11.0,False,,False,True,86.623,32.117,29.156,25.35
0 days 02:25:40.077000,GAS,10,0 days 00:01:29.306000,53.0,4.0,,,0 days 00:00:34.154000,0 days 00:00:29.661000,0 days 00:00:25.491000,0 days 02:24:44.946000,0 days 02:25:14.607000,0 days 02:25:40.098000,232.0,284.0,286.0,292.0,False,MEDIUM,9.0,True,Alpine,0 days 02:24:10.771000,2023-10-08 18:25:10.776,1,11.0,False,,False,True,89.306,34.154,29.661,25.491
0 days 02:27:06.779000,GAS,10,0 days 00:01:26.702000,54.0,4.0,,,0 days 00:00:32.014000,0 days 00:00:29.193000,0 days 00:00:25.495000,0 days 02:26:12.112000,0 days 02:26:41.305000,0 days 02:27:06.800000,238.0,285.0,287.0,317.0,False,MEDIUM,10.0,True,Alpine,0 days 02:25:40.077000,2023-10-08 18:26:40.082,1,11.0,False,,False,True,86.702,32.014,29.193,25.495
0 days 02:29:58.902000,GAS,10,0 days 00:01:26.330000,56.0,4.0,,,0 days 00:00:32.070000,0 days 00:00:29.007000,0 days 00:00:25.253000,0 days 02:29:04.663000,0 days 02:29:33.670000,0 days 02:29:58.923000,234.0,283.0,285.0,297.0,False,MEDIUM,12.0,True,Alpine,0 days 02:28:32.572000,2023-10-08 18:29:32.577,1,10.0,False,,False,True,86.33,32.07,29.007,25.253
0 days 02:31:25.473000,GAS,10,0 days 00:01:26.571000,57.0,4.0,,,0 days 00:00:31.907000,0 days 00:00:29.335000,0 days 00:00:25.329000,0 days 02:30:30.830000,0 days 02:31:00.165000,0 days 02:31:25.494000,232.0,284.0,285.0,315.0,False,MEDIUM,13.0,True,Alpine,0 days 02:29:58.902000,2023-10-08 18:30:58.907,1,10.0,False,,False,True,86.571,31.907,29.335,25.329
0 days 01:13:24.783000,ALB,23,0 days 00:01:33.057000,5.0,1.0,,,0 days 00:00:34.714000,0 days 00:00:31.088000,0 days 00:00:27.255000,0 days 01:12:26.451000,0 days 01:12:57.539000,0 days 01:13:24.794000,219.0,275.0,280.0,321.0,True,MEDIUM,5.0,True,Williams,0 days 01:11:51.726000,2023-10-08 17:12:51.731,1,10.0,False,,False,True,93.057,34.714,31.088,27.255
0 days 01:14:57.493000,ALB,23,0 days 00:01:32.710000,6.0,1.0,,,0 days 00:00:34.064000,0 days 00:00:31.701000,0 days 00:00:26.945000,0 days 01:13:58.858000,0 days 01:14:30.559000,0 days 01:14:57.504000,224.0,273.0,279.0,311.0,True,MEDIUM,6.0,True,Williams,0 days 01:13:24.783000,2023-10-08 17:14:24.788,1,10.0,False,,False,True,92.71,34.064,31.701,26.945
0 days 01:16:28.219000,ALB,23,0 days 00:01:30.726000,7.0,1.0,,,0 days 00:00:33.600000,0 days 00:00:30.626000,0 days 00:00:26.500000,0 days 01:15:31.104000,0 days 01:16:01.730000,0 days 01:16:28.230000,223.0,273.0,287.0,310.0,True,MEDIUM,7.0,True,Williams,0 days 01:14:57.493000,2023-10-08 17:15:57.498,1,10.0,False,,False,True,90.726,33.6,30.626,26.5
0 days 01:17:58.833000,ALB,23,0 days 00:01:30.614000,8.0,1.0,,,0 days 00:00:33.598000,0 days 00:00:30.441000,0 days 00:00:26.575000,0 days 01:17:01.828000,0 days 01:17:32.269000,0 days 01:17:58.844000,225.0,276.0,287.0,331.0,True,MEDIUM,8.0,True,Williams,0 days 01:16:28.219000,2023-10-08 17:17:28.224,1,10.0,False,,False,True,90.614,33.598,30.441,26.575
0 days 01:19:29.883000,ALB,23,0 days 00:01:31.050000,9.0,1.0,,,0 days 00:00:33.747000,0 days 00:00:30.560000,0 days 00:00:26.743000,0 days 01:18:32.591000,0 days 01:19:03.151000,0 days 01:19:29.894000,224.0,276.0,284.0,332.0,False,MEDIUM,9.0,True,Williams,0 days 01:17:58.833000,2023-10-08 17:18:58.838,1,9.0,False,,False,True,91.05,33.747,30.56,26.743
0 days 01:21:00.128000,ALB,23,0 days 00:01:30.245000,10.0,1.0,,,0 days 00:00:33.068000,0 days 00:00:30.603000,0 days 00:00:26.574000,0 days 01:20:02.962000,0 days 01:20:33.565000,0 days 01:21:00.139000,224.0,274.0,286.0,327.0,True,MEDIUM,10.0,True,Williams,0 days 01:19:29.883000,2023-10-08 17:20:29.888,1,9.0,False,,False,True,90.245,33.068,30.603,26.574
0 days 01:25:32.994000,ALB,23,0 days 00:01:30.652000,13.0,1.0,,,0 days 00:00:33.576000,0 days 00:00:30.465000,0 days 00:00:26.611000,0 days 01:24:35.929000,0 days 01:25:06.394000,0 days 01:25:33.005000,222.0,273.0,284.0,311.0,False,MEDIUM,13.0,True,Williams,0 days 01:24:02.342000,2023-10-08 17:25:02.347,1,4.0,False,,False,True,90.652,33.576,30.465,26.611
0 days 01:27:02.629000,ALB,23,0 days 00:01:29.635000,14.0,1.0,,,0 days 00:00:32.934000,0 days 00:00:30.175000,0 days 00:00:26.526000,0 days 01:26:05.939000,0 days 01:26:36.114000,0 days 01:27:02.640000,221.0,274.0,276.0,324.0,True,MEDIUM,14.0,True,Williams,0 days 01:25:32.994000,2023-10-08 17:26:32.999,1,3.0,False,,False,True,89.635,32.934,30.175,26.526
0 days 01:28:32.036000,ALB,23,0 days 00:01:29.407000,15.0,1.0,,,0 days 00:00:33.035000,0 days 00:00:30.114000,0 days 00:00:26.258000,0 days 01:27:35.675000,0 days 01:28:05.789000,0 days 01:28:32.047000,222.0,274.0,277.0,303.0,True,MEDIUM,15.0,True,Williams,0 days 01:27:02.629000,2023-10-08 17:28:02.634,1,2.0,False,,False,True,89.407,33.035,30.114,26.258
0 days 01:30:01.037000,ALB,23,0 days 00:01:29.001000,16.0,1.0,,,0 days 00:00:32.908000,0 days 00:00:29.870000,0 days 00:00:26.223000,0 days 01:29:04.955000,0 days 01:29:34.825000,0 days 01:30:01.048000,232.0,278.0,276.0,303.0,True,MEDIUM,16.0,True,Williams,0 days 01:28:32.036000,2023-10-08 17:29:32.041,1,2.0,False,,False,True,89.001,32.908,29.87,26.223
0 days 01:31:29.981000,ALB,23,0 days 00:01:28.944000,17.0,1.0,,,0 days 00:00:32.791000,0 days 00:00:29.968000,0 days 00:00:26.185000,0 days 01:30:33.839000,0 days 01:31:03.807000,0 days 01:31:29.992000,232.0,279.0,276.0,303.0,True,MEDIUM,17.0,True,Williams,0 days 01:30:01.037000,2023-10-08 17:31:01.042,1,2.0,False,,False,True,88.944,32.791,29.968,26.185
0 days 01:36:27.454000,ALB,23,0 days 00:01:30.166000,20.0,2.0,,,0 days 00:00:33.775000,0 days 00:00:30.153000,0 days 00:00:26.238000,0 days 01:35:31.074000,0 days 01:36:01.227000,0 days 01:36:27.465000,230.0,279.0,280.0,308.0,False,MEDIUM,2.0,True,Williams,0 days 01:34:57.288000,2023-10-08 17:35:57.293,1,15.0,False,,False,True,90.166,33.775,30.153,26.238
0 days 01:39:26.704000,ALB,23,0 days 00:01:30.046000,22.0,2.0,,,0 days 00:00:33.388000,0 days 00:00:30.117000,0 days 00:00:26.541000,0 days 01:38:30.057000,0 days 01:39:00.174000,0 days 01:39:26.715000,232.0,279.0,283.0,332.0,False,MEDIUM,4.0,True,Williams,0 days 01:37:56.658000,2023-10-08 17:38:56.663,1,10.0,False,,False,True,90.046,33.388,30.117,26.541
0 days 01:40:55.765000,ALB,23,0 days 00:01:29.061000,23.0,2.0,,,0 days 00:00:32.813000,0 days 00:00:29.987000,0 days 00:00:26.261000,0 days 01:39:59.528000,0 days 01:40:29.515000,0 days 01:40:55.776000,229.0,278.0,278.0,324.0,False,MEDIUM,5.0,True,Williams,0 days 01:39:26.704000,2023-10-08 17:40:26.709,1,10.0,False,,False,True,89.061,32.813,29.987,26.261
0 days 01:42:24.070000,ALB,23,0 days 00:01:28.305000,24.0,2.0,,,0 days 00:00:32.600000,0 days 00:00:29.514000,0 days 00:00:26.191000,0 days 01:41:28.376000,0 days 01:41:57.890000,0 days 01:42:24.081000,236.0,277.0,278.0,297.0,True,MEDIUM,6.0,True,Williams,0 days 01:40:55.765000,2023-10-08 17:41:55.770,1,10.0,False,,False,True,88.305,32.6,29.514,26.191
0 days 01:43:52.428000,ALB,23,0 days 00:01:28.358000,25.0,2.0,,,0 days 00:00:32.585000,0 days 00:00:29.708000,0 days 00:00:26.065000,0 days 01:42:56.666000,0 days 01:43:26.374000,0 days 01:43:52.439000,233.0,280.0,279.0,307.0,False,MEDIUM,7.0,True,Williams,0 days 01:42:24.070000,2023-10-08 17:43:24.075,1,10.0,False,,False,True,88.358,32.585,29.708,26.065
0 days 01:45:20.930000,ALB,23,0 days 00:01:28.502000,26.0,2.0,,,0 days 00:00:32.608000,0 days 00:00:29.838000,0 days 00:00:26.056000,0 days 01:44:25.047000,0 days 01:44:54.885000,0 days 01:45:20.941000,233.0,280.0,278.0,307.0,False,MEDIUM,8.0,True,Williams,0 days 01:43:52.428000,2023-10-08 17:44:52.433,1,7.0,False,,False,True,88.502,32.608,29.838,26.056
0 days 01:46:49.181000,ALB,23,0 days 00:01:28.251000,27.0,2.0,,,0 days 00:00:32.659000,0 days 00:00:29.764000,0 days 00:00:25.828000,0 days 01:45:53.600000,0 days 01:46:23.364000,0 days 01:46:49.192000,229.0,274.0,281.0,306.0,True,MEDIUM,9.0,True,Williams,0 days 01:45:20.930000,2023-10-08 17:46:20.935,1,5.0,False,,False,True,88.251,32.659,29.764,25.828
0 days 01:48:17.644000,ALB,23,0 days 00:01:28.463000,28.0,2.0,,,0 days 00:00:32.629000,0 days 00:00:29.965000,0 days 00:00:25.869000,0 days 01:47:21.821000,0 days 01:47:51.786000,0 days 01:48:17.655000,228.0,275.0,281.0,306.0,False,MEDIUM,10.0,True,Williams,0 days 01:46:49.181000,2023-10-08 17:47:49.186,1,4.0,False,,False,True,88.463,32.629,29.965,25.869
0 days 01:49:47.293000,ALB,23,0 days 00:01:29.649000,29.0,2.0,,,0 days 00:00:33.396000,0 days 00:00:30.091000,0 days 00:00:26.162000,0 days 01:48:51.051000,0 days 01:49:21.142000,0 days 01:49:47.304000,222.0,277.0,281.0,306.0,False,MEDIUM,11.0,True,Williams,0 days 01:48:17.644000,2023-10-08 17:49:17.649,1,5.0,False,,False,True,89.649,33.396,30.091,26.162
0 days 01:51:15.619000,ALB,23,0 days 00:01:28.326000,30.0,2.0,,,0 days 00:00:32.630000,0 days 00:00:29.669000,0 days 00:00:26.027000,0 days 01:50:19.934000,0 days 01:50:49.603000,0 days 01:51:15.630000,231.0,277.0,280.0,308.0,False,MEDIUM,12.0,True,Williams,0 days 01:49:47.293000,2023-10-08 17:50:47.298,1,5.0,False,,False,True,88.326,32.63,29.669,26.027
0 days 01:56:09.679000,ALB,23,0 days 00:01:27.930000,33.0,3.0,,,0 days 00:00:32.485000,0 days 00:00:29.546000,0 days 00:00:25.899000,0 days 01:55:14.245000,0 days 01:55:43.791000,0 days 01:56:09.690000,235.0,282.0,288.0,309.0,True,HARD,2.0,True,Williams,0 days 01:54:41.749000,2023-10-08 17:55:41.754,1,15.0,False,,False,True,87.93,32.485,29.546,25.899
0 days 01:57:38.126000,ALB,23,0 days 00:01:28.447000,34.0,3.0,,,0 days 00:00:32.600000,0 days 00:00:29.895000,0 days 00:00:25.952000,0 days 01:56:42.290000,0 days 01:57:12.185000,0 days 01:57:38.137000,232.0,282.0,290.0,331.0,False,HARD,3.0,True,Williams,0 days 01:56:09.679000,2023-10-08 17:57:09.684,1,15.0,False,,False,True,88.447,32.6,29.895,25.952
0 days 01:59:05.784000,ALB,23,0 days 00:01:27.658000,35.0,3.0,,,0 days 00:00:32.075000,0 days 00:00:29.737000,0 days 00:00:25.846000,0 days 01:58:10.212000,0 days 01:58:39.949000,0 days 01:59:05.795000,229.0,273.0,283.0,330.0,True,HARD,4.0,True,Williams,0 days 01:57:38.126000,2023-10-08 17:58:38.131,1,14.0,False,,False,True,87.658,32.075,29.737,25.846
0 days 02:00:33.039000,ALB,23,0 days 00:01:27.255000,36.0,3.0,,,0 days 00:00:32.321000,0 days 00:00:29.314000,0 days 00:00:25.620000,0 days 01:59:38.116000,0 days 02:00:07.430000,0 days 02:00:33.050000,230.0,276.0,283.0,309.0,True,HARD,5.0,True,Williams,0 days 01:59:05.784000,2023-10-08 18:00:05.789,1,13.0,False,,False,True,87.255,32.321,29.314,25.62
0 days 02:02:00.329000,ALB,23,0 days 00:01:27.290000,37.0,3.0,,,0 days 00:00:32.201000,0 days 00:00:29.381000,0 days 00:00:25.708000,0 days 02:01:05.251000,0 days 02:01:34.632000,0 days 02:02:00.340000,235.0,278.0,281.0,309.0,False,HARD,6.0,True,Williams,0 days 02:00:33.039000,2023-10-08 18:01:33.044,1,13.0,False,,False,True,87.29,32.201,29.381,25.708
0 days 02:03:27.939000,ALB,23,0 days 00:01:27.610000,38.0,3.0,,,0 days 00:00:32.265000,0 days 00:00:29.508000,0 days 00:00:25.837000,0 days 02:02:32.605000,0 days 02:03:02.113000,0 days 02:03:27.950000,234.0,282.0,281.0,311.0,False,HARD,7.0,True,Williams,0 days 02:02:00.329000,2023-10-08 18:03:00.334,1,13.0,False,,False,True,87.61,32.265,29.508,25.837
0 days 02:04:55.348000,ALB,23,0 days 00:01:27.409000,39.0,3.0,,,0 days 00:00:32.350000,0 days 00:00:29.330000,0 days 00:00:25.729000,0 days 02:04:00.300000,0 days 02:04:29.630000,0 days 02:04:55.359000,234.0,280.0,279.0,311.0,False,HARD,8.0,True,Williams,0 days 02:03:27.939000,2023-10-08 18:04:27.944,1,12.0,False,,False,True,87.409,32.35,29.33,25.729
0 days 02:06:22.307000,ALB,23,0 days 00:01:26.959000,40.0,3.0,,,0 days 00:00:32.176000,0 days 00:00:29.090000,0 days 00:00:25.693000,0 days 02:05:27.535000,0 days 02:05:56.625000,0 days 02:06:22.318000,235.0,281.0,280.0,297.0,True,HARD,9.0,True,Williams,0 days 02:04:55.348000,2023-10-08 18:05:55.353,1,10.0,False,,False,True,86.959,32.176,29.09,25.693
0 days 02:09:16.998000,ALB,23,0 days 00:01:27.446000,42.0,3.0,,,0 days 00:00:31.993000,0 days 00:00:29.321000,0 days 00:00:26.132000,0 days 02:08:21.556000,0 days 02:08:50.877000,0 days 02:09:17.009000,238.0,282.0,277.0,306.0,False,HARD,11.0,True,Williams,0 days 02:07:49.552000,2023-10-08 18:08:49.557,1,10.0,False,,False,True,87.446,31.993,29.321,26.132
0 days 02:10:44.086000,ALB,23,0 days 00:01:27.088000,43.0,3.0,,,0 days 00:00:32.150000,0 days 00:00:29.169000,0 days 00:00:25.769000,0 days 02:09:49.159000,0 days 02:10:18.328000,0 days 02:10:44.097000,238.0,282.0,280.0,306.0,False,HARD,12.0,True,Williams,0 days 02:09:16.998000,2023-10-08 18:10:17.003,1,10.0,False,,False,True,87.088,32.15,29.169,25.769
0 days 02:17:02.074000,ALB,23,0 days 00:01:26.695000,47.0,4.0,,,0 days 00:00:31.906000,0 days 00:00:29.125000,0 days 00:00:25.664000,0 days 02:16:07.296000,0 days 02:16:36.421000,0 days 02:17:02.085000,235.0,277.0,283.0,307.0,True,HARD,3.0,True,Williams,0 days 02:15:35.379000,2023-10-08 18:16:35.384,1,13.0,False,,False,True,86.695,31.906,29.125,25.664
0 days 02:18:29.529000,ALB,23,0 days 00:01:27.455000,48.0,4.0,,,0 days 00:00:32.284000,0 days 00:00:29.430000,0 days 00:00:25.741000,0 days 02:17:34.369000,0 days 02:18:03.799000,0 days 02:18:29.540000,232.0,276.0,282.0,309.0,False,HARD,4.0,True,Williams,0 days 02:17:02.074000,2023-10-08 18:18:02.079,1,13.0,False,,False,True,87.455,32.284,29.43,25.741
0 days 02:19:56.370000,ALB,23,0 days 00:01:26.841000,49.0,4.0,,,0 days 00:00:31.911000,0 days 00:00:29.314000,0 days 00:00:25.616000,0 days 02:19:01.451000,0 days 02:19:30.765000,0 days 02:19:56.381000,233.0,277.0,281.0,307.0,False,HARD,5.0,True,Williams,0 days 02:18:29.529000,2023-10-08 18:19:29.534,1,13.0,False,,False,True,86.841,31.911,29.314,25.616
0 days 02:21:23.983000,ALB,23,0 days 00:01:27.613000,50.0,4.0,,,0 days 00:00:32.481000,0 days 00:00:29.253000,0 days 00:00:25.879000,0 days 02:20:28.862000,0 days 02:20:58.115000,0 days 02:21:23.994000,234.0,281.0,280.0,307.0,False,HARD,6.0,True,Williams,0 days 02:19:56.370000,2023-10-08 18:20:56.375,1,13.0,False,,False,True,87.613,32.481,29.253,25.879
0 days 02:22:51.203000,ALB,23,0 days 00:01:27.220000,51.0,4.0,,,0 days 00:00:32.099000,0 days 00:00:29.172000,0 days 00:00:25.949000,0 days 02:21:56.093000,0 days 02:22:25.265000,0 days 02:22:51.214000,239.0,278.0,280.0,306.0,False,HARD,7.0,True,Williams,0 days 02:21:23.983000,2023-10-08 18:22:23.988,1,13.0,False,,False,True,87.22,32.099,29.172,25.949
0 days 02:24:18.753000,ALB,23,0 days 00:01:27.550000,52.0,4.0,,,0 days 00:00:32.488000,0 days 00:00:29.266000,0 days 00:00:25.796000,0 days 02:23:23.702000,0 days 02:23:52.968000,0 days 02:24:18.764000,234.0,280.0,281.0,306.0,False,HARD,8.0,True,Williams,0 days 02:22:51.203000,2023-10-08 18:23:51.208,1,13.0,False,,False,True,87.55,32.488,29.266,25.796
0 days 02:25:46.218000,ALB,23,0 days 00:01:27.465000,53.0,4.0,,,0 days 00:00:32.115000,0 days 00:00:29.474000,0 days 00:00:25.876000,0 days 02:24:50.879000,0 days 02:25:20.353000,0 days 02:25:46.229000,239.0,280.0,282.0,308.0,False,HARD,9.0,True,Williams,0 days 02:24:18.753000,2023-10-08 18:25:18.758,1,13.0,False,,False,True,87.465,32.115,29.474,25.876
0 days 02:27:13.456000,ALB,23,0 days 00:01:27.238000,54.0,4.0,,,0 days 00:00:32.513000,0 days 00:00:29.089000,0 days 00:00:25.636000,0 days 02:26:18.742000,0 days 02:26:47.831000,0 days 02:27:13.467000,236.0,278.0,281.0,307.0,False,HARD,10.0,True,Williams,0 days 02:25:46.218000,2023-10-08 18:26:46.223,1,13.0,False,,False,True,87.238,32.513,29.089,25.636
0 days 02:28:40.748000,ALB,23,0 days 00:01:27.292000,55.0,4.0,,,0 days 00:00:32.057000,0 days 00:00:29.443000,0 days 00:00:25.792000,0 days 02:27:45.524000,0 days 02:28:14.967000,0 days 02:28:40.759000,238.0,278.0,280.0,307.0,False,HARD,11.0,True,Williams,0 days 02:27:13.456000,2023-10-08 18:28:13.461,1,13.0,False,,False,True,87.292,32.057,29.443,25.792
0 days 02:30:07.521000,ALB,23,0 days 00:01:26.773000,56.0,4.0,,,0 days 00:00:32.055000,0 days 00:00:29.284000,0 days 00:00:25.434000,0 days 02:29:12.814000,0 days 02:29:42.098000,0 days 02:30:07.532000,240.0,282.0,281.0,307.0,False,HARD,12.0,True,Williams,0 days 02:28:40.748000,2023-10-08 18:29:40.753,1,13.0,False,,False,True,86.773,32.055,29.284,25.434
0 days 02:31:34.187000,ALB,23,0 days 00:01:26.666000,57.0,4.0,,,0 days 00:00:31.873000,0 days 00:00:29.331000,0 days 00:00:25.462000,0 days 02:30:39.405000,0 days 02:31:08.736000,0 days 02:31:34.198000,243.0,285.0,284.0,307.0,True,HARD,13.0,True,Williams,0 days 02:30:07.521000,2023-10-08 18:31:07.526,1,13.0,False,,False,True,86.666,31.873,29.331,25.462
0 days 01:15:00.823000,MAG,20,0 days 00:01:32.570000,6.0,2.0,,,0 days 00:00:34.327000,0 days 00:00:31.145000,0 days 00:00:27.098000,0 days 01:14:02.606000,0 days 01:14:33.751000,0 days 01:15:00.849000,225.0,285.0,278.0,307.0,True,MEDIUM,3.0,True,Haas F1 Team,0 days 01:13:28.253000,2023-10-08 17:14:28.258,1,16.0,False,,False,True,92.57,34.327,31.145,27.098
0 days 01:16:33.199000,MAG,20,0 days 00:01:32.376000,7.0,2.0,,,0 days 00:00:34.369000,0 days 00:00:31.006000,0 days 00:00:27.001000,0 days 01:15:35.218000,0 days 01:16:06.224000,0 days 01:16:33.225000,226.0,281.0,276.0,306.0,True,MEDIUM,4.0,True,Haas F1 Team,0 days 01:15:00.823000,2023-10-08 17:16:00.828,1,16.0,False,,False,True,92.376,34.369,31.006,27.001
0 days 01:18:05.375000,MAG,20,0 days 00:01:32.176000,8.0,2.0,,,0 days 00:00:34.459000,0 days 00:00:30.688000,0 days 00:00:27.029000,0 days 01:17:07.684000,0 days 01:17:38.372000,0 days 01:18:05.401000,224.0,283.0,283.0,310.0,True,MEDIUM,5.0,True,Haas F1 Team,0 days 01:16:33.199000,2023-10-08 17:17:33.204,1,17.0,False,,False,True,92.176,34.459,30.688,27.029
0 days 01:19:36.876000,MAG,20,0 days 00:01:31.501000,9.0,2.0,,,0 days 00:00:33.694000,0 days 00:00:30.478000,0 days 00:00:27.329000,0 days 01:18:39.095000,0 days 01:19:09.573000,0 days 01:19:36.902000,225.0,283.0,274.0,322.0,True,MEDIUM,6.0,True,Haas F1 Team,0 days 01:18:05.375000,2023-10-08 17:19:05.380,1,17.0,False,,False,True,91.501,33.694,30.478,27.329
0 days 01:21:08.394000,MAG,20,0 days 00:01:31.518000,10.0,2.0,,,0 days 00:00:33.981000,0 days 00:00:30.558000,0 days 00:00:26.979000,0 days 01:20:10.883000,0 days 01:20:41.441000,0 days 01:21:08.420000,226.0,280.0,275.0,300.0,False,MEDIUM,7.0,True,Haas F1 Team,0 days 01:19:36.876000,2023-10-08 17:20:36.881,1,16.0,False,,False,True,91.518,33.981,30.558,26.979
0 days 01:22:39.352000,MAG,20,0 days 00:01:30.958000,11.0,2.0,,,0 days 00:00:33.865000,0 days 00:00:30.367000,0 days 00:00:26.726000,0 days 01:21:42.285000,0 days 01:22:12.652000,0 days 01:22:39.378000,226.0,281.0,275.0,300.0,True,MEDIUM,8.0,True,Haas F1 Team,0 days 01:21:08.394000,2023-10-08 17:22:08.399,1,15.0,False,,False,True,90.958,33.865,30.367,26.726
0 days 01:24:11.371000,MAG,20,0 days 00:01:32.019000,12.0,2.0,,,0 days 00:00:33.985000,0 days 00:00:30.855000,0 days 00:00:27.179000,0 days 01:23:13.363000,0 days 01:23:44.218000,0 days 01:24:11.397000,222.0,278.0,275.0,301.0,False,MEDIUM,9.0,True,Haas F1 Team,0 days 01:22:39.352000,2023-10-08 17:23:39.357,1,13.0,False,,False,True,92.019,33.985,30.855,27.179
0 days 01:25:42.982000,MAG,20,0 days 00:01:31.611000,13.0,2.0,,,0 days 00:00:33.896000,0 days 00:00:30.785000,0 days 00:00:26.930000,0 days 01:24:45.293000,0 days 01:25:16.078000,0 days 01:25:43.008000,226.0,280.0,274.0,307.0,False,MEDIUM,10.0,True,Haas F1 Team,0 days 01:24:11.371000,2023-10-08 17:25:11.376,1,11.0,False,,False,True,91.611,33.896,30.785,26.93
0 days 01:27:14.403000,MAG,20,0 days 00:01:31.421000,14.0,2.0,,,0 days 00:00:33.828000,0 days 00:00:30.526000,0 days 00:00:27.067000,0 days 01:26:16.836000,0 days 01:26:47.362000,0 days 01:27:14.429000,225.0,279.0,275.0,299.0,False,MEDIUM,11.0,True,Haas F1 Team,0 days 01:25:42.982000,2023-10-08 17:26:42.987,1,8.0,False,,False,True,91.421,33.828,30.526,27.067
0 days 01:28:45.407000,MAG,20,0 days 00:01:31.004000,15.0,2.0,,,0 days 00:00:33.583000,0 days 00:00:30.582000,0 days 00:00:26.839000,0 days 01:27:48.012000,0 days 01:28:18.594000,0 days 01:28:45.433000,228.0,282.0,275.0,306.0,False,MEDIUM,12.0,True,Haas F1 Team,0 days 01:27:14.403000,2023-10-08 17:28:14.408,1,8.0,False,,False,True,91.004,33.583,30.582,26.839
0 days 01:30:17.237000,MAG,20,0 days 00:01:31.830000,16.0,2.0,,,0 days 00:00:34.124000,0 days 00:00:30.609000,0 days 00:00:27.097000,0 days 01:29:19.557000,0 days 01:29:50.166000,0 days 01:30:17.263000,223.0,282.0,274.0,297.0,False,MEDIUM,13.0,True,Haas F1 Team,0 days 01:28:45.407000,2023-10-08 17:29:45.412,1,9.0,False,,False,True,91.83,34.124,30.609,27.097
0 days 01:31:48.884000,MAG,20,0 days 00:01:31.647000,17.0,2.0,,,0 days 00:00:34.254000,0 days 00:00:30.578000,0 days 00:00:26.815000,0 days 01:30:51.517000,0 days 01:31:22.095000,0 days 01:31:48.910000,226.0,281.0,276.0,307.0,False,MEDIUM,14.0,True,Haas F1 Team,0 days 01:30:17.237000,2023-10-08 17:31:17.242,1,11.0,False,,False,True,91.647,34.254,30.578,26.815
0 days 01:33:20.420000,MAG,20,0 days 00:01:31.536000,18.0,2.0,,,0 days 00:00:34.082000,0 days 00:00:30.668000,0 days 00:00:26.786000,0 days 01:32:22.992000,0 days 01:32:53.660000,0 days 01:33:20.446000,229.0,283.0,276.0,302.0,False,MEDIUM,15.0,True,Haas F1 Team,0 days 01:31:48.884000,2023-10-08 17:32:48.889,1,11.0,False,,False,True,91.536,34.082,30.668,26.786
0 days 01:34:52.567000,MAG,20,0 days 00:01:32.147000,19.0,2.0,,,0 days 00:00:34.266000,0 days 00:00:31.032000,0 days 00:00:26.849000,0 days 01:33:54.712000,0 days 01:34:25.744000,0 days 01:34:52.593000,220.0,284.0,277.0,304.0,False,MEDIUM,16.0,True,Haas F1 Team,0 days 01:33:20.420000,2023-10-08 17:34:20.425,1,11.0,False,,False,True,92.147,34.266,31.032,26.849
0 days 01:36:22.829000,MAG,20,0 days 00:01:30.262000,20.0,2.0,,,0 days 00:00:33.385000,0 days 00:00:30.403000,0 days 00:00:26.474000,0 days 01:35:25.978000,0 days 01:35:56.381000,0 days 01:36:22.855000,227.0,282.0,276.0,307.0,True,MEDIUM,17.0,True,Haas F1 Team,0 days 01:34:52.567000,2023-10-08 17:35:52.572,1,11.0,False,,False,True,90.262,33.385,30.403,26.474
0 days 01:41:19.465000,MAG,20,0 days 00:01:29.429000,23.0,3.0,,,0 days 00:00:33.031000,0 days 00:00:29.720000,0 days 00:00:26.678000,0 days 01:40:23.093000,0 days 01:40:52.813000,0 days 01:41:19.491000,230.0,279.0,275.0,298.0,True,HARD,2.0,True,Haas F1 Team,0 days 01:39:50.036000,2023-10-08 17:40:50.041,1,16.0,False,,False,True,89.429,33.031,29.72,26.678
0 days 01:42:48.448000,MAG,20,0 days 00:01:28.983000,24.0,3.0,,,0 days 00:00:32.858000,0 days 00:00:29.628000,0 days 00:00:26.497000,0 days 01:41:52.349000,0 days 01:42:21.977000,0 days 01:42:48.474000,221.0,279.0,275.0,295.0,True,HARD,3.0,True,Haas F1 Team,0 days 01:41:19.465000,2023-10-08 17:42:19.470,1,16.0,False,,False,True,88.983,32.858,29.628,26.497
0 days 01:44:17.175000,MAG,20,0 days 00:01:28.727000,25.0,3.0,,,0 days 00:00:32.733000,0 days 00:00:29.535000,0 days 00:00:26.459000,0 days 01:43:21.207000,0 days 01:43:50.742000,0 days 01:44:17.201000,231.0,279.0,275.0,295.0,True,HARD,4.0,True,Haas F1 Team,0 days 01:42:48.448000,2023-10-08 17:43:48.453,1,16.0,False,,False,True,88.727,32.733,29.535,26.459
0 days 01:45:45.537000,MAG,20,0 days 00:01:28.362000,26.0,3.0,,,0 days 00:00:32.706000,0 days 00:00:29.693000,0 days 00:00:25.963000,0 days 01:44:49.907000,0 days 01:45:19.600000,0 days 01:45:45.563000,231.0,280.0,277.0,298.0,True,HARD,5.0,True,Haas F1 Team,0 days 01:44:17.175000,2023-10-08 17:45:17.180,1,16.0,False,,False,True,88.362,32.706,29.693,25.963
0 days 01:47:14.535000,MAG,20,0 days 00:01:28.998000,27.0,3.0,,,0 days 00:00:32.610000,0 days 00:00:29.879000,0 days 00:00:26.509000,0 days 01:46:18.173000,0 days 01:46:48.052000,0 days 01:47:14.561000,233.0,281.0,276.0,302.0,False,HARD,6.0,True,Haas F1 Team,0 days 01:45:45.537000,2023-10-08 17:46:45.542,1,15.0,False,,False,True,88.998,32.61,29.879,26.509
0 days 01:48:43.238000,MAG,20,0 days 00:01:28.703000,28.0,3.0,,,0 days 00:00:32.598000,0 days 00:00:29.838000,0 days 00:00:26.267000,0 days 01:47:47.159000,0 days 01:48:16.997000,0 days 01:48:43.264000,233.0,281.0,276.0,303.0,False,HARD,7.0,True,Haas F1 Team,0 days 01:47:14.535000,2023-10-08 17:48:14.540,1,14.0,False,,False,True,88.703,32.598,29.838,26.267
0 days 01:50:12.072000,MAG,20,0 days 00:01:28.834000,29.0,3.0,,,0 days 00:00:32.678000,0 days 00:00:29.927000,0 days 00:00:26.229000,0 days 01:49:15.942000,0 days 01:49:45.869000,0 days 01:50:12.098000,231.0,281.0,278.0,303.0,False,HARD,8.0,True,Haas F1 Team,0 days 01:48:43.238000,2023-10-08 17:49:43.243,1,14.0,False,,False,True,88.834,32.678,29.927,26.229
0 days 01:51:40.867000,MAG,20,0 days 00:01:28.795000,30.0,3.0,,,0 days 00:00:32.544000,0 days 00:00:29.891000,0 days 00:00:26.360000,0 days 01:50:44.642000,0 days 01:51:14.533000,0 days 01:51:40.893000,230.0,279.0,275.0,304.0,False,HARD,9.0,True,Haas F1 Team,0 days 01:50:12.072000,2023-10-08 17:51:12.077,1,14.0,False,,False,True,88.795,32.544,29.891,26.36
0 days 01:53:09.566000,MAG,20,0 days 00:01:28.699000,31.0,3.0,,,0 days 00:00:32.671000,0 days 00:00:29.816000,0 days 00:00:26.212000,0 days 01:52:13.564000,0 days 01:52:43.380000,0 days 01:53:09.592000,232.0,281.0,276.0,298.0,False,HARD,10.0,True,Haas F1 Team,0 days 01:51:40.867000,2023-10-08 17:52:40.872,1,14.0,False,,False,True,88.699,32.671,29.816,26.212
0 days 01:57:34.989000,MAG,20,0 days 00:01:28.321000,34.0,3.0,,,0 days 00:00:32.432000,0 days 00:00:29.812000,0 days 00:00:26.077000,0 days 01:56:39.126000,0 days 01:57:08.938000,0 days 01:57:35.015000,232.0,281.0,276.0,302.0,True,HARD,13.0,True,Haas F1 Team,0 days 01:56:06.668000,2023-10-08 17:57:06.673,1,13.0,False,,False,True,88.321,32.432,29.812,26.077
0 days 01:59:02.817000,MAG,20,0 days 00:01:27.828000,35.0,3.0,,,0 days 00:00:32.321000,0 days 00:00:29.601000,0 days 00:00:25.906000,0 days 01:58:07.336000,0 days 01:58:36.937000,0 days 01:59:02.843000,236.0,281.0,277.0,303.0,True,HARD,14.0,True,Haas F1 Team,0 days 01:57:34.989000,2023-10-08 17:58:34.994,1,13.0,False,,False,True,87.828,32.321,29.601,25.906
0 days 02:00:30.834000,MAG,20,0 days 00:01:28.017000,36.0,3.0,,,0 days 00:00:32.551000,0 days 00:00:29.604000,0 days 00:00:25.862000,0 days 01:59:35.394000,0 days 02:00:04.998000,0 days 02:00:30.860000,231.0,281.0,277.0,300.0,False,HARD,15.0,True,Haas F1 Team,0 days 01:59:02.817000,2023-10-08 18:00:02.822,1,12.0,False,,False,True,88.017,32.551,29.604,25.862
0 days 02:01:58.680000,MAG,20,0 days 00:01:27.846000,37.0,3.0,,,0 days 00:00:32.361000,0 days 00:00:29.571000,0 days 00:00:25.914000,0 days 02:01:03.221000,0 days 02:01:32.792000,0 days 02:01:58.706000,231.0,281.0,277.0,300.0,False,HARD,16.0,True,Haas F1 Team,0 days 02:00:30.834000,2023-10-08 18:01:30.839,1,12.0,False,,False,True,87.846,32.361,29.571,25.914
0 days 02:03:26.643000,MAG,20,0 days 00:01:27.963000,38.0,3.0,,,0 days 00:00:32.532000,0 days 00:00:29.631000,0 days 00:00:25.800000,0 days 02:02:31.238000,0 days 02:03:00.869000,0 days 02:03:26.669000,229.0,280.0,277.0,299.0,False,HARD,17.0,True,Haas F1 Team,0 days 02:01:58.680000,2023-10-08 18:02:58.685,1,12.0,False,,False,True,87.963,32.532,29.631,25.8
0 days 02:08:18.099000,MAG,20,0 days 00:01:27.150000,41.0,4.0,,,0 days 00:00:32.264000,0 days 00:00:29.310000,0 days 00:00:25.576000,0 days 02:07:23.239000,0 days 02:07:52.549000,0 days 02:08:18.125000,234.0,281.0,277.0,298.0,True,HARD,2.0,True,Haas F1 Team,0 days 02:06:50.949000,2023-10-08 18:07:50.954,1,14.0,False,,False,True,87.15,32.264,29.31,25.576
0 days 02:09:47.258000,MAG,20,0 days 00:01:29.159000,42.0,4.0,,,0 days 00:00:32.107000,0 days 00:00:30.118000,0 days 00:00:26.934000,0 days 02:08:50.232000,0 days 02:09:20.350000,0 days 02:09:47.284000,238.0,176.0,279.0,297.0,False,HARD,3.0,True,Haas F1 Team,0 days 02:08:18.099000,2023-10-08 18:09:18.104,1,14.0,False,,False,True,89.159,32.107,30.118,26.934
0 days 02:11:14.389000,MAG,20,0 days 00:01:27.131000,43.0,4.0,,,0 days 00:00:32.279000,0 days 00:00:29.216000,0 days 00:00:25.636000,0 days 02:10:19.563000,0 days 02:10:48.779000,0 days 02:11:14.415000,229.0,283.0,280.0,302.0,True,HARD,4.0,True,Haas F1 Team,0 days 02:09:47.258000,2023-10-08 18:10:47.263,1,14.0,False,,False,True,87.131,32.279,29.216,25.636
0 days 02:12:42.017000,MAG,20,0 days 00:01:27.628000,44.0,4.0,,,0 days 00:00:32.317000,0 days 00:00:29.461000,0 days 00:00:25.850000,0 days 02:11:46.732000,0 days 02:12:16.193000,0 days 02:12:42.043000,228.0,282.0,278.0,299.0,False,HARD,5.0,True,Haas F1 Team,0 days 02:11:14.389000,2023-10-08 18:12:14.394,1,14.0,False,,False,True,87.628,32.317,29.461,25.85
0 days 02:14:09.575000,MAG,20,0 days 00:01:27.558000,45.0,4.0,,,0 days 00:00:32.358000,0 days 00:00:29.366000,0 days 00:00:25.834000,0 days 02:13:14.401000,0 days 02:13:43.767000,0 days 02:14:09.601000,231.0,284.0,287.0,297.0,False,HARD,6.0,True,Haas F1 Team,0 days 02:12:42.017000,2023-10-08 18:13:42.022,1,14.0,False,,False,True,87.558,32.358,29.366,25.834
0 days 02:15:36.642000,MAG,20,0 days 00:01:27.067000,46.0,4.0,,,0 days 00:00:31.866000,0 days 00:00:29.350000,0 days 00:00:25.851000,0 days 02:14:41.467000,0 days 02:15:10.817000,0 days 02:15:36.668000,231.0,284.0,287.0,323.0,True,HARD,7.0,True,Haas F1 Team,0 days 02:14:09.575000,2023-10-08 18:15:09.580,1,14.0,False,,False,True,87.067,31.866,29.35,25.851
0 days 02:17:04.064000,MAG,20,0 days 00:01:27.422000,47.0,4.0,,,0 days 00:00:32.050000,0 days 00:00:29.742000,0 days 00:00:25.630000,0 days 02:16:08.718000,0 days 02:16:38.460000,0 days 02:17:04.090000,238.0,280.0,279.0,318.0,False,HARD,8.0,True,Haas F1 Team,0 days 02:15:36.642000,2023-10-08 18:16:36.647,1,14.0,False,,False,True,87.422,32.05,29.742,25.63
0 days 02:18:31.275000,MAG,20,0 days 00:01:27.211000,48.0,4.0,,,0 days 00:00:32.365000,0 days 00:00:29.321000,0 days 00:00:25.525000,0 days 02:17:36.455000,0 days 02:18:05.776000,0 days 02:18:31.301000,235.0,282.0,279.0,298.0,False,HARD,9.0,True,Haas F1 Team,0 days 02:17:04.064000,2023-10-08 18:18:04.069,1,14.0,False,,False,True,87.211,32.365,29.321,25.525
0 days 02:19:58.677000,MAG,20,0 days 00:01:27.402000,49.0,4.0,,,0 days 00:00:32.339000,0 days 00:00:29.423000,0 days 00:00:25.640000,0 days 02:19:03.640000,0 days 02:19:33.063000,0 days 02:19:58.703000,236.0,282.0,279.0,300.0,False,HARD,10.0,True,Haas F1 Team,0 days 02:18:31.275000,2023-10-08 18:19:31.280,1,14.0,False,,False,True,87.402,32.339,29.423,25.64
0 days 02:21:25.963000,MAG,20,0 days 00:01:27.286000,50.0,4.0,,,0 days 00:00:32.339000,0 days 00:00:29.313000,0 days 00:00:25.634000,,0 days 02:21:00.355000,0 days 02:21:25.989000,235.0,283.0,280.0,299.0,False,HARD,11.0,True,Haas F1 Team,0 days 02:19:58.677000,2023-10-08 18:20:58.682,1,14.0,False,,False,True,87.286,32.339,29.313,25.634
0 days 02:22:53.336000,MAG,20,0 days 00:01:27.373000,51.0,4.0,,,0 days 00:00:32.323000,0 days 00:00:29.542000,0 days 00:00:25.508000,0 days 02:21:58.312000,0 days 02:22:27.854000,0 days 02:22:53.362000,236.0,282.0,279.0,300.0,False,HARD,12.0,True,Haas F1 Team,0 days 02:21:25.963000,2023-10-08 18:22:25.968,1,14.0,False,,False,True,87.373,32.323,29.542,25.508
0 days 02:24:21.102000,MAG,20,0 days 00:01:27.766000,52.0,4.0,,,0 days 00:00:32.499000,0 days 00:00:29.767000,0 days 00:00:25.500000,0 days 02:23:25.861000,0 days 02:23:55.628000,0 days 02:24:21.128000,222.0,282.0,279.0,297.0,False,HARD,13.0,True,Haas F1 Team,0 days 02:22:53.336000,2023-10-08 18:23:53.341,1,14.0,False,,False,True,87.766,32.499,29.767,25.5
0 days 02:25:48.641000,MAG,20,0 days 00:01:27.539000,53.0,4.0,,,0 days 00:00:32.451000,0 days 00:00:29.560000,0 days 00:00:25.528000,0 days 02:24:53.579000,0 days 02:25:23.139000,0 days 02:25:48.667000,224.0,281.0,279.0,298.0,False,HARD,14.0,True,Haas F1 Team,0 days 02:24:21.102000,2023-10-08 18:25:21.107,1,14.0,False,,False,True,87.539,32.451,29.56,25.528
0 days 02:27:16.694000,MAG,20,0 days 00:01:28.053000,54.0,4.0,,,0 days 00:00:32.433000,0 days 00:00:29.603000,0 days 00:00:26.017000,0 days 02:26:21.100000,0 days 02:26:50.703000,0 days 02:27:16.720000,230.0,283.0,279.0,299.0,False,HARD,15.0,True,Haas F1 Team,0 days 02:25:48.641000,2023-10-08 18:26:48.646,1,14.0,False,,False,True,88.053,32.433,29.603,26.017
0 days 02:28:44.509000,MAG,20,0 days 00:01:27.815000,55.0,4.0,,,0 days 00:00:32.550000,0 days 00:00:29.521000,0 days 00:00:25.744000,0 days 02:27:49.270000,0 days 02:28:18.791000,0 days 02:28:44.535000,226.0,280.0,278.0,295.0,False,HARD,16.0,True,Haas F1 Team,0 days 02:27:16.694000,2023-10-08 18:28:16.699,1,14.0,False,,False,True,87.815,32.55,29.521,25.744
0 days 02:30:14.419000,MAG,20,0 days 00:01:29.910000,56.0,4.0,,,0 days 00:00:32.528000,0 days 00:00:29.928000,0 days 00:00:27.454000,0 days 02:29:17.063000,0 days 02:29:46.991000,0 days 02:30:14.445000,234.0,277.0,284.0,293.0,False,HARD,17.0,True,Haas F1 Team,0 days 02:28:44.509000,2023-10-08 18:29:44.514,1,14.0,False,,False,True,89.91,32.528,29.928,27.454
0 days 01:13:24.047000,TSU,22,0 days 00:01:33.077000,5.0,1.0,,,0 days 00:00:34.592000,0 days 00:00:30.969000,0 days 00:00:27.516000,0 days 01:12:25.590000,0 days 01:12:56.559000,0 days 01:13:24.075000,229.0,283.0,274.0,302.0,True,MEDIUM,5.0,True,AlphaTauri,0 days 01:11:50.970000,2023-10-08 17:12:50.975,1,8.0,False,,False,True,93.077,34.592,30.969,27.516
0 days 01:14:56.353000,TSU,22,0 days 00:01:32.306000,6.0,1.0,,,0 days 00:00:34.258000,0 days 00:00:31.006000,0 days 00:00:27.042000,0 days 01:13:58.333000,0 days 01:14:29.339000,0 days 01:14:56.381000,227.0,271.0,273.0,301.0,True,MEDIUM,6.0,True,AlphaTauri,0 days 01:13:24.047000,2023-10-08 17:14:24.052,1,9.0,False,,False,True,92.306,34.258,31.006,27.042
0 days 01:16:27.576000,TSU,22,0 days 00:01:31.223000,7.0,1.0,,,0 days 00:00:33.872000,0 days 00:00:30.530000,0 days 00:00:26.821000,0 days 01:15:30.253000,0 days 01:16:00.783000,0 days 01:16:27.604000,224.0,271.0,273.0,303.0,True,MEDIUM,7.0,True,AlphaTauri,0 days 01:14:56.353000,2023-10-08 17:15:56.358,1,9.0,False,,False,True,91.223,33.872,30.53,26.821
0 days 01:17:58.257000,TSU,22,0 days 00:01:30.681000,8.0,1.0,,,0 days 00:00:33.734000,0 days 00:00:30.391000,0 days 00:00:26.556000,0 days 01:17:01.338000,0 days 01:17:31.729000,0 days 01:17:58.285000,225.0,272.0,275.0,305.0,True,MEDIUM,8.0,True,AlphaTauri,0 days 01:16:27.576000,2023-10-08 17:17:27.581,1,9.0,False,,False,True,90.681,33.734,30.391,26.556
0 days 01:22:56.220000,TSU,22,0 days 00:01:30.652000,11.0,2.0,,,0 days 00:00:33.743000,0 days 00:00:30.538000,0 days 00:00:26.371000,0 days 01:21:59.339000,0 days 01:22:29.877000,0 days 01:22:56.248000,227.0,262.0,273.0,298.0,True,MEDIUM,2.0,True,AlphaTauri,0 days 01:21:25.568000,2023-10-08 17:22:25.573,1,18.0,False,,False,True,90.652,33.743,30.538,26.371
0 days 01:24:25.752000,TSU,22,0 days 00:01:29.532000,12.0,2.0,,,0 days 00:00:33.075000,0 days 00:00:30.103000,0 days 00:00:26.354000,0 days 01:23:29.323000,0 days 01:23:59.426000,0 days 01:24:25.780000,231.0,270.0,274.0,300.0,True,MEDIUM,3.0,True,AlphaTauri,0 days 01:22:56.220000,2023-10-08 17:23:56.225,1,18.0,False,,False,True,89.532,33.075,30.103,26.354
0 days 01:25:55.814000,TSU,22,0 days 00:01:30.062000,13.0,2.0,,,0 days 00:00:33.348000,0 days 00:00:30.197000,0 days 00:00:26.517000,0 days 01:24:59.128000,0 days 01:25:29.325000,0 days 01:25:55.842000,228.0,270.0,274.0,304.0,False,MEDIUM,4.0,True,AlphaTauri,0 days 01:24:25.752000,2023-10-08 17:25:25.757,1,18.0,False,,False,True,90.062,33.348,30.197,26.517
0 days 01:27:25.598000,TSU,22,0 days 00:01:29.784000,14.0,2.0,,,0 days 00:00:33.250000,0 days 00:00:30.099000,0 days 00:00:26.435000,0 days 01:26:29.092000,0 days 01:26:59.191000,0 days 01:27:25.626000,230.0,272.0,274.0,304.0,False,MEDIUM,5.0,True,AlphaTauri,0 days 01:25:55.814000,2023-10-08 17:26:55.819,1,16.0,False,,False,True,89.784,33.25,30.099,26.435
0 days 01:28:55.758000,TSU,22,0 days 00:01:30.160000,15.0,2.0,,,0 days 00:00:33.394000,0 days 00:00:30.217000,0 days 00:00:26.549000,0 days 01:27:59.020000,0 days 01:28:29.237000,0 days 01:28:55.786000,231.0,276.0,274.0,304.0,False,MEDIUM,6.0,True,AlphaTauri,0 days 01:27:25.598000,2023-10-08 17:28:25.603,1,16.0,False,,False,True,90.16,33.394,30.217,26.549
0 days 01:30:25.342000,TSU,22,0 days 00:01:29.584000,16.0,2.0,,,0 days 00:00:33.254000,0 days 00:00:30.094000,0 days 00:00:26.236000,0 days 01:29:29.040000,0 days 01:29:59.134000,0 days 01:30:25.370000,234.0,276.0,274.0,305.0,False,MEDIUM,7.0,True,AlphaTauri,0 days 01:28:55.758000,2023-10-08 17:29:55.763,1,16.0,False,,False,True,89.584,33.254,30.094,26.236
0 days 01:31:55.098000,TSU,22,0 days 00:01:29.756000,17.0,2.0,,,0 days 00:00:33.256000,0 days 00:00:30.149000,0 days 00:00:26.351000,0 days 01:30:58.626000,0 days 01:31:28.775000,0 days 01:31:55.126000,233.0,275.0,274.0,306.0,False,MEDIUM,8.0,True,AlphaTauri,0 days 01:30:25.342000,2023-10-08 17:31:25.347,1,16.0,False,,False,True,89.756,33.256,30.149,26.351
0 days 01:33:25.285000,TSU,22,0 days 00:01:30.187000,18.0,2.0,,,0 days 00:00:33.210000,0 days 00:00:30.382000,0 days 00:00:26.595000,0 days 01:32:28.336000,0 days 01:32:58.718000,0 days 01:33:25.313000,231.0,266.0,274.0,306.0,False,MEDIUM,9.0,True,AlphaTauri,0 days 01:31:55.098000,2023-10-08 17:32:55.103,1,15.0,False,,False,True,90.187,33.21,30.382,26.595
0 days 01:34:55.335000,TSU,22,0 days 00:01:30.050000,19.0,2.0,,,0 days 00:00:33.104000,0 days 00:00:30.460000,0 days 00:00:26.486000,0 days 01:33:58.417000,0 days 01:34:28.877000,0 days 01:34:55.363000,227.0,265.0,275.0,306.0,False,MEDIUM,10.0,True,AlphaTauri,0 days 01:33:25.285000,2023-10-08 17:34:25.290,1,13.0,False,,False,True,90.05,33.104,30.46,26.486
0 days 01:36:25.474000,TSU,22,0 days 00:01:30.139000,20.0,2.0,,,0 days 00:00:33.294000,0 days 00:00:30.436000,0 days 00:00:26.409000,0 days 01:35:28.657000,0 days 01:35:59.093000,0 days 01:36:25.502000,227.0,266.0,275.0,305.0,False,MEDIUM,11.0,True,AlphaTauri,0 days 01:34:55.335000,2023-10-08 17:35:55.340,1,13.0,False,,False,True,90.139,33.294,30.436,26.409
0 days 01:37:56.152000,TSU,22,0 days 00:01:30.678000,21.0,2.0,,,0 days 00:00:33.852000,0 days 00:00:30.472000,0 days 00:00:26.354000,0 days 01:36:59.354000,0 days 01:37:29.826000,0 days 01:37:56.180000,227.0,270.0,276.0,307.0,False,MEDIUM,12.0,True,AlphaTauri,0 days 01:36:25.474000,2023-10-08 17:37:25.479,1,12.0,False,,False,True,90.678,33.852,30.472,26.354
0 days 01:42:50.213000,TSU,22,0 days 00:01:28.738000,24.0,3.0,,,0 days 00:00:33.037000,0 days 00:00:29.744000,0 days 00:00:25.957000,0 days 01:41:54.540000,0 days 01:42:24.284000,0 days 01:42:50.241000,229.0,271.0,275.0,296.0,True,HARD,2.0,True,AlphaTauri,0 days 01:41:21.475000,2023-10-08 17:42:21.480,1,17.0,False,,False,True,88.738,33.037,29.744,25.957
0 days 01:44:18.651000,TSU,22,0 days 00:01:28.438000,25.0,3.0,,,0 days 00:00:32.804000,0 days 00:00:29.650000,0 days 00:00:25.984000,0 days 01:43:23.045000,0 days 01:43:52.695000,0 days 01:44:18.679000,230.0,270.0,275.0,302.0,True,HARD,3.0,True,AlphaTauri,0 days 01:42:50.213000,2023-10-08 17:43:50.218,1,17.0,False,,False,True,88.438,32.804,29.65,25.984
0 days 01:45:47.054000,TSU,22,0 days 00:01:28.403000,26.0,3.0,,,0 days 00:00:32.786000,0 days 00:00:29.648000,0 days 00:00:25.969000,0 days 01:44:51.465000,0 days 01:45:21.113000,0 days 01:45:47.082000,229.0,270.0,275.0,301.0,True,HARD,4.0,True,AlphaTauri,0 days 01:44:18.651000,2023-10-08 17:45:18.656,1,17.0,False,,False,True,88.403,32.786,29.648,25.969
0 days 01:47:15.539000,TSU,22,0 days 00:01:28.485000,27.0,3.0,,,0 days 00:00:32.640000,0 days 00:00:29.847000,0 days 00:00:25.998000,0 days 01:46:19.722000,0 days 01:46:49.569000,0 days 01:47:15.567000,230.0,270.0,276.0,304.0,False,HARD,5.0,True,AlphaTauri,0 days 01:45:47.054000,2023-10-08 17:46:47.059,1,16.0,False,,False,True,88.485,32.64,29.847,25.998
0 days 01:48:43.993000,TSU,22,0 days 00:01:28.454000,28.0,3.0,,,0 days 00:00:32.725000,0 days 00:00:29.800000,0 days 00:00:25.929000,0 days 01:47:48.292000,0 days 01:48:18.092000,0 days 01:48:44.021000,231.0,271.0,282.0,301.0,False,HARD,6.0,True,AlphaTauri,0 days 01:47:15.539000,2023-10-08 17:48:15.544,1,15.0,False,,False,True,88.454,32.725,29.8,25.929
0 days 01:51:41.603000,TSU,22,0 days 00:01:28.941000,30.0,3.0,,,0 days 00:00:32.861000,0 days 00:00:29.900000,0 days 00:00:26.180000,0 days 01:50:45.551000,0 days 01:51:15.451000,0 days 01:51:41.631000,230.0,271.0,282.0,325.0,False,HARD,8.0,True,AlphaTauri,0 days 01:50:12.662000,2023-10-08 17:51:12.667,1,15.0,False,,False,True,88.941,32.861,29.9,26.18
0 days 01:53:10.620000,TSU,22,0 days 00:01:29.017000,31.0,3.0,,,0 days 00:00:32.771000,0 days 00:00:29.976000,0 days 00:00:26.270000,0 days 01:52:14.402000,0 days 01:52:44.378000,0 days 01:53:10.648000,230.0,270.0,282.0,322.0,False,HARD,9.0,True,AlphaTauri,0 days 01:51:41.603000,2023-10-08 17:52:41.608,1,15.0,False,,False,True,89.017,32.771,29.976,26.27
0 days 01:56:08.931000,TSU,22,0 days 00:01:28.753000,33.0,3.0,,,0 days 00:00:32.899000,0 days 00:00:29.940000,0 days 00:00:25.914000,0 days 01:55:13.105000,0 days 01:55:43.045000,0 days 01:56:08.959000,228.0,271.0,277.0,297.0,False,HARD,11.0,True,AlphaTauri,0 days 01:54:40.178000,2023-10-08 17:55:40.183,1,14.0,False,,False,True,88.753,32.899,29.94,25.914
0 days 01:57:37.680000,TSU,22,0 days 00:01:28.749000,34.0,3.0,,,0 days 00:00:32.965000,0 days 00:00:29.779000,0 days 00:00:26.005000,0 days 01:56:41.924000,0 days 01:57:11.703000,0 days 01:57:37.708000,229.0,271.0,275.0,297.0,False,HARD,12.0,True,AlphaTauri,0 days 01:56:08.931000,2023-10-08 17:57:08.936,1,14.0,False,,False,True,88.749,32.965,29.779,26.005
0 days 01:59:07.497000,TSU,22,0 days 00:01:29.817000,35.0,3.0,,,0 days 00:00:33.402000,0 days 00:00:29.996000,0 days 00:00:26.419000,0 days 01:58:11.110000,0 days 01:58:41.106000,0 days 01:59:07.525000,227.0,273.0,277.0,296.0,False,HARD,13.0,True,AlphaTauri,0 days 01:57:37.680000,2023-10-08 17:58:37.685,1,15.0,False,,False,True,89.817,33.402,29.996,26.419
0 days 02:00:36.123000,TSU,22,0 days 00:01:28.626000,36.0,3.0,,,0 days 00:00:32.795000,0 days 00:00:29.724000,0 days 00:00:26.107000,0 days 01:59:40.320000,0 days 02:00:10.044000,0 days 02:00:36.151000,230.0,272.0,274.0,299.0,False,HARD,14.0,True,AlphaTauri,0 days 01:59:07.497000,2023-10-08 18:00:07.502,1,14.0,False,,False,True,88.626,32.795,29.724,26.107
0 days 02:02:04.590000,TSU,22,0 days 00:01:28.467000,37.0,3.0,,,0 days 00:00:32.841000,0 days 00:00:29.621000,0 days 00:00:26.005000,0 days 02:01:08.992000,0 days 02:01:38.613000,0 days 02:02:04.618000,231.0,270.0,275.0,301.0,False,HARD,15.0,True,AlphaTauri,0 days 02:00:36.123000,2023-10-08 18:01:36.128,1,14.0,False,,False,True,88.467,32.841,29.621,26.005
0 days 02:03:33.175000,TSU,22,0 days 00:01:28.585000,38.0,3.0,,,0 days 00:00:32.627000,0 days 00:00:29.888000,0 days 00:00:26.070000,0 days 02:02:37.245000,0 days 02:03:07.133000,0 days 02:03:33.203000,231.0,271.0,275.0,299.0,False,HARD,16.0,True,AlphaTauri,0 days 02:02:04.590000,2023-10-08 18:03:04.595,1,14.0,False,,False,True,88.585,32.627,29.888,26.07
0 days 02:05:02.454000,TSU,22,0 days 00:01:29.279000,39.0,3.0,,,0 days 00:00:33.418000,0 days 00:00:29.858000,0 days 00:00:26.003000,0 days 02:04:06.621000,0 days 02:04:36.479000,0 days 02:05:02.482000,229.0,273.0,275.0,300.0,False,HARD,17.0,True,AlphaTauri,0 days 02:03:33.175000,2023-10-08 18:04:33.180,1,15.0,False,,False,True,89.279,33.418,29.858,26.003
0 days 02:09:53.074000,TSU,22,0 days 00:01:27.807000,42.0,4.0,,,0 days 00:00:32.676000,0 days 00:00:29.424000,0 days 00:00:25.707000,0 days 02:08:57.971000,0 days 02:09:27.395000,0 days 02:09:53.102000,233.0,271.0,276.0,300.0,True,HARD,2.0,True,AlphaTauri,0 days 02:08:25.267000,2023-10-08 18:09:25.272,1,15.0,False,,False,True,87.807,32.676,29.424,25.707
0 days 02:11:20.506000,TSU,22,0 days 00:01:27.432000,43.0,4.0,,,0 days 00:00:32.547000,0 days 00:00:29.268000,0 days 00:00:25.617000,0 days 02:10:25.649000,0 days 02:10:54.917000,0 days 02:11:20.534000,237.0,274.0,276.0,300.0,True,HARD,3.0,True,AlphaTauri,0 days 02:09:53.074000,2023-10-08 18:10:53.079,1,15.0,False,,False,True,87.432,32.547,29.268,25.617
0 days 02:12:47.855000,TSU,22,0 days 00:01:27.349000,44.0,4.0,,,0 days 00:00:32.426000,0 days 00:00:29.331000,0 days 00:00:25.592000,0 days 02:11:52.960000,0 days 02:12:22.291000,0 days 02:12:47.883000,236.0,274.0,276.0,300.0,True,HARD,4.0,True,AlphaTauri,0 days 02:11:20.506000,2023-10-08 18:12:20.511,1,15.0,False,,False,True,87.349,32.426,29.331,25.592
0 days 02:14:15.622000,TSU,22,0 days 00:01:27.767000,45.0,4.0,,,0 days 00:00:32.701000,0 days 00:00:29.369000,0 days 00:00:25.697000,0 days 02:13:20.584000,0 days 02:13:49.953000,0 days 02:14:15.650000,235.0,272.0,277.0,299.0,False,HARD,5.0,True,AlphaTauri,0 days 02:12:47.855000,2023-10-08 18:13:47.860,1,15.0,False,,False,True,87.767,32.701,29.369,25.697
0 days 02:15:43.074000,TSU,22,0 days 00:01:27.452000,46.0,4.0,,,0 days 00:00:32.486000,0 days 00:00:29.213000,0 days 00:00:25.753000,0 days 02:14:48.136000,0 days 02:15:17.349000,0 days 02:15:43.102000,236.0,273.0,276.0,298.0,False,HARD,6.0,True,AlphaTauri,0 days 02:14:15.622000,2023-10-08 18:15:15.627,1,15.0,False,,False,True,87.452,32.486,29.213,25.753
0 days 02:17:10.550000,TSU,22,0 days 00:01:27.476000,47.0,4.0,,,0 days 00:00:32.466000,0 days 00:00:29.315000,0 days 00:00:25.695000,0 days 02:16:15.568000,0 days 02:16:44.883000,0 days 02:17:10.578000,236.0,273.0,276.0,302.0,False,HARD,7.0,True,AlphaTauri,0 days 02:15:43.074000,2023-10-08 18:16:43.079,1,15.0,False,,False,True,87.476,32.466,29.315,25.695
0 days 02:18:38.341000,TSU,22,0 days 00:01:27.791000,48.0,4.0,,,0 days 00:00:32.572000,0 days 00:00:29.383000,0 days 00:00:25.836000,0 days 02:17:43.150000,0 days 02:18:12.533000,0 days 02:18:38.369000,235.0,273.0,276.0,302.0,False,HARD,8.0,True,AlphaTauri,0 days 02:17:10.550000,2023-10-08 18:18:10.555,1,15.0,False,,False,True,87.791,32.572,29.383,25.836
0 days 02:20:06.089000,TSU,22,0 days 00:01:27.748000,49.0,4.0,,,0 days 00:00:32.654000,0 days 00:00:29.300000,0 days 00:00:25.794000,0 days 02:19:11.023000,0 days 02:19:40.323000,0 days 02:20:06.117000,226.0,274.0,275.0,301.0,False,HARD,9.0,True,AlphaTauri,0 days 02:18:38.341000,2023-10-08 18:19:38.346,1,15.0,False,,False,True,87.748,32.654,29.3,25.794
0 days 02:21:33.452000,TSU,22,0 days 00:01:27.363000,50.0,4.0,,,0 days 00:00:32.571000,0 days 00:00:29.258000,0 days 00:00:25.534000,0 days 02:20:38.688000,0 days 02:21:07.946000,0 days 02:21:33.480000,237.0,275.0,277.0,302.0,False,HARD,10.0,True,AlphaTauri,0 days 02:20:06.089000,2023-10-08 18:21:06.094,1,15.0,False,,False,True,87.363,32.571,29.258,25.534
0 days 02:23:00.757000,TSU,22,0 days 00:01:27.305000,51.0,4.0,,,0 days 00:00:32.458000,0 days 00:00:29.100000,0 days 00:00:25.747000,0 days 02:22:05.938000,0 days 02:22:35.038000,0 days 02:23:00.785000,238.0,274.0,275.0,301.0,True,HARD,11.0,True,AlphaTauri,0 days 02:21:33.452000,2023-10-08 18:22:33.457,1,15.0,False,,False,True,87.305,32.458,29.1,25.747
0 days 02:24:27.941000,TSU,22,0 days 00:01:27.184000,52.0,4.0,,,0 days 00:00:32.405000,0 days 00:00:29.202000,0 days 00:00:25.577000,0 days 02:23:33.190000,0 days 02:24:02.392000,0 days 02:24:27.969000,235.0,272.0,276.0,301.0,True,HARD,12.0,True,AlphaTauri,0 days 02:23:00.757000,2023-10-08 18:24:00.762,1,15.0,False,,False,True,87.184,32.405,29.202,25.577
0 days 02:25:55.145000,TSU,22,0 days 00:01:27.204000,53.0,4.0,,,0 days 00:00:32.390000,0 days 00:00:29.082000,0 days 00:00:25.732000,0 days 02:25:00.359000,0 days 02:25:29.441000,0 days 02:25:55.173000,233.0,273.0,276.0,301.0,False,HARD,13.0,True,AlphaTauri,0 days 02:24:27.941000,2023-10-08 18:25:27.946,1,15.0,False,,False,True,87.204,32.39,29.082,25.732
0 days 02:27:24.175000,TSU,22,0 days 00:01:29.030000,54.0,4.0,,,0 days 00:00:32.581000,0 days 00:00:29.174000,0 days 00:00:27.275000,0 days 02:26:27.754000,0 days 02:26:56.928000,0 days 02:27:24.203000,233.0,274.0,279.0,302.0,False,HARD,14.0,True,AlphaTauri,0 days 02:25:55.145000,2023-10-08 18:26:55.150,1,15.0,False,,False,True,89.03,32.581,29.174,27.275
0 days 02:28:51.349000,TSU,22,0 days 00:01:27.174000,55.0,4.0,,,0 days 00:00:32.376000,0 days 00:00:29.329000,0 days 00:00:25.469000,0 days 02:27:56.579000,0 days 02:28:25.908000,0 days 02:28:51.377000,234.0,274.0,277.0,307.0,True,HARD,15.0,True,AlphaTauri,0 days 02:27:24.175000,2023-10-08 18:28:24.180,1,15.0,False,,False,True,87.174,32.376,29.329,25.469
0 days 02:30:22.131000,TSU,22,0 days 00:01:30.782000,56.0,4.0,,,0 days 00:00:35.338000,0 days 00:00:29.730000,0 days 00:00:25.714000,0 days 02:29:26.715000,0 days 02:29:56.445000,0 days 02:30:22.159000,232.0,274.0,277.0,302.0,False,HARD,16.0,True,AlphaTauri,0 days 02:28:51.349000,2023-10-08 18:29:51.354,1,15.0,False,,False,True,90.782,35.338,29.73,25.714
0 days 01:13:24.296000,HUL,27,0 days 00:01:32.794000,5.0,1.0,,,0 days 00:00:34.481000,0 days 00:00:30.917000,0 days 00:00:27.396000,0 days 01:12:25.991000,0 days 01:12:56.908000,0 days 01:13:24.304000,228.0,284.0,281.0,310.0,True,MEDIUM,12.0,False,Haas F1 Team,0 days 01:11:51.502000,2023-10-08 17:12:51.507,1,9.0,False,,False,True,92.794,34.481,30.917,27.396
0 days 01:14:55.304000,HUL,27,0 days 00:01:31.008000,6.0,1.0,,,0 days 00:00:33.630000,0 days 00:00:30.252000,0 days 00:00:27.126000,0 days 01:13:57.934000,0 days 01:14:28.186000,0 days 01:14:55.312000,227.0,281.0,277.0,315.0,True,MEDIUM,13.0,False,Haas F1 Team,0 days 01:13:24.296000,2023-10-08 17:14:24.301,1,8.0,False,,False,True,91.008,33.63,30.252,27.126
0 days 01:16:26.542000,HUL,27,0 days 00:01:31.238000,7.0,1.0,,,0 days 00:00:33.753000,0 days 00:00:30.435000,0 days 00:00:27.050000,0 days 01:15:29.065000,0 days 01:15:59.500000,0 days 01:16:26.550000,225.0,281.0,276.0,302.0,False,MEDIUM,14.0,False,Haas F1 Team,0 days 01:14:55.304000,2023-10-08 17:15:55.309,1,8.0,False,,False,True,91.238,33.753,30.435,27.05
0 days 01:17:57.244000,HUL,27,0 days 00:01:30.702000,8.0,1.0,,,0 days 00:00:33.514000,0 days 00:00:30.277000,0 days 00:00:26.911000,0 days 01:17:00.064000,0 days 01:17:30.341000,0 days 01:17:57.252000,226.0,281.0,276.0,301.0,True,MEDIUM,15.0,False,Haas F1 Team,0 days 01:16:26.542000,2023-10-08 17:17:26.547,1,8.0,False,,False,True,90.702,33.514,30.277,26.911
0 days 01:19:28.328000,HUL,27,0 days 00:01:31.084000,9.0,1.0,,,0 days 00:00:33.560000,0 days 00:00:30.496000,0 days 00:00:27.028000,0 days 01:18:30.812000,0 days 01:19:01.308000,0 days 01:19:28.336000,221.0,279.0,275.0,298.0,False,MEDIUM,16.0,False,Haas F1 Team,0 days 01:17:57.244000,2023-10-08 17:18:57.249,1,8.0,False,,False,True,91.084,33.56,30.496,27.028
0 days 01:20:59.289000,HUL,27,0 days 00:01:30.961000,10.0,1.0,,,0 days 00:00:33.592000,0 days 00:00:30.501000,0 days 00:00:26.868000,0 days 01:20:01.928000,0 days 01:20:32.429000,0 days 01:20:59.297000,225.0,280.0,274.0,299.0,False,MEDIUM,17.0,False,Haas F1 Team,0 days 01:19:28.328000,2023-10-08 17:20:28.333,1,8.0,False,,False,True,90.961,33.592,30.501,26.868
0 days 01:22:29.996000,HUL,27,0 days 00:01:30.707000,11.0,1.0,,,0 days 00:00:33.611000,0 days 00:00:30.327000,0 days 00:00:26.769000,0 days 01:21:32.908000,0 days 01:22:03.235000,0 days 01:22:30.004000,226.0,278.0,274.0,296.0,False,MEDIUM,18.0,False,Haas F1 Team,0 days 01:20:59.289000,2023-10-08 17:21:59.294,1,6.0,False,,False,True,90.707,33.611,30.327,26.769
0 days 01:24:00.283000,HUL,27,0 days 00:01:30.287000,12.0,1.0,,,0 days 00:00:33.493000,0 days 00:00:30.171000,0 days 00:00:26.623000,0 days 01:23:03.497000,0 days 01:23:33.668000,0 days 01:24:00.291000,227.0,278.0,274.0,302.0,True,MEDIUM,19.0,False,Haas F1 Team,0 days 01:22:29.996000,2023-10-08 17:23:30.001,1,5.0,False,,False,True,90.287,33.493,30.171,26.623
0 days 01:29:11.225000,HUL,27,0 days 00:01:29.700000,15.0,2.0,,,0 days 00:00:33.230000,0 days 00:00:29.844000,0 days 00:00:26.626000,0 days 01:28:14.763000,0 days 01:28:44.607000,0 days 01:29:11.233000,228.0,280.0,275.0,302.0,True,HARD,2.0,True,Haas F1 Team,0 days 01:27:41.525000,2023-10-08 17:28:41.530,1,18.0,False,,False,True,89.7,33.23,29.844,26.626
0 days 01:30:39.784000,HUL,27,0 days 00:01:28.559000,16.0,2.0,,,0 days 00:00:32.859000,0 days 00:00:29.528000,0 days 00:00:26.172000,0 days 01:29:44.092000,0 days 01:30:13.620000,0 days 01:30:39.792000,230.0,281.0,276.0,298.0,True,HARD,3.0,True,Haas F1 Team,0 days 01:29:11.225000,2023-10-08 17:30:11.230,1,18.0,False,,False,True,88.559,32.859,29.528,26.172
0 days 01:32:08.507000,HUL,27,0 days 00:01:28.723000,17.0,2.0,,,0 days 00:00:32.743000,0 days 00:00:29.856000,0 days 00:00:26.124000,0 days 01:31:12.535000,0 days 01:31:42.391000,0 days 01:32:08.515000,233.0,279.0,276.0,301.0,False,HARD,4.0,True,Haas F1 Team,0 days 01:30:39.784000,2023-10-08 17:31:39.789,1,18.0,False,,False,True,88.723,32.743,29.856,26.124
0 days 01:35:05.562000,HUL,27,0 days 00:01:28.831000,19.0,2.0,,,0 days 00:00:32.655000,0 days 00:00:29.930000,0 days 00:00:26.246000,0 days 01:34:09.394000,0 days 01:34:39.324000,0 days 01:35:05.570000,235.0,282.0,278.0,301.0,False,HARD,6.0,True,Haas F1 Team,0 days 01:33:36.731000,2023-10-08 17:34:36.736,1,18.0,False,,False,True,88.831,32.655,29.93,26.246
0 days 01:36:35.368000,HUL,27,0 days 00:01:29.806000,20.0,2.0,,,0 days 00:00:33.135000,0 days 00:00:30.205000,0 days 00:00:26.466000,0 days 01:35:38.705000,0 days 01:36:08.910000,0 days 01:36:35.376000,231.0,282.0,277.0,305.0,False,HARD,7.0,True,Haas F1 Team,0 days 01:35:05.562000,2023-10-08 17:36:05.567,1,18.0,False,,False,True,89.806,33.135,30.205,26.466
0 days 01:38:04.562000,HUL,27,0 days 00:01:29.194000,21.0,2.0,,,0 days 00:00:32.750000,0 days 00:00:29.920000,0 days 00:00:26.524000,0 days 01:37:08.126000,0 days 01:37:38.046000,0 days 01:38:04.570000,230.0,282.0,278.0,303.0,False,HARD,8.0,True,Haas F1 Team,0 days 01:36:35.368000,2023-10-08 17:37:35.373,1,18.0,False,,False,True,89.194,32.75,29.92,26.524
0 days 01:39:33.567000,HUL,27,0 days 00:01:29.005000,22.0,2.0,,,0 days 00:00:32.805000,0 days 00:00:29.862000,0 days 00:00:26.338000,0 days 01:38:37.375000,0 days 01:39:07.237000,0 days 01:39:33.575000,234.0,281.0,277.0,307.0,False,HARD,9.0,True,Haas F1 Team,0 days 01:38:04.562000,2023-10-08 17:39:04.567,1,14.0,False,,False,True,89.005,32.805,29.862,26.338
0 days 01:41:02.603000,HUL,27,0 days 00:01:29.036000,23.0,2.0,,,0 days 00:00:32.862000,0 days 00:00:29.777000,0 days 00:00:26.397000,0 days 01:40:06.437000,0 days 01:40:36.214000,0 days 01:41:02.611000,233.0,281.0,277.0,302.0,False,HARD,10.0,True,Haas F1 Team,0 days 01:39:33.567000,2023-10-08 17:40:33.572,1,13.0,False,,False,True,89.036,32.862,29.777,26.397
0 days 01:42:31.501000,HUL,27,0 days 00:01:28.898000,24.0,2.0,,,0 days 00:00:32.801000,0 days 00:00:29.799000,0 days 00:00:26.298000,0 days 01:41:35.412000,0 days 01:42:05.211000,0 days 01:42:31.509000,232.0,281.0,277.0,301.0,False,HARD,11.0,True,Haas F1 Team,0 days 01:41:02.603000,2023-10-08 17:42:02.608,1,13.0,False,,False,True,88.898,32.801,29.799,26.298
0 days 01:44:00.354000,HUL,27,0 days 00:01:28.853000,25.0,2.0,,,0 days 00:00:32.671000,0 days 00:00:29.897000,0 days 00:00:26.285000,0 days 01:43:04.180000,0 days 01:43:34.077000,0 days 01:44:00.362000,231.0,282.0,278.0,304.0,False,HARD,12.0,True,Haas F1 Team,0 days 01:42:31.501000,2023-10-08 17:43:31.506,1,13.0,False,,False,True,88.853,32.671,29.897,26.285
0 days 01:45:29.305000,HUL,27,0 days 00:01:28.951000,26.0,2.0,,,0 days 00:00:32.765000,0 days 00:00:30.036000,0 days 00:00:26.150000,0 days 01:44:33.127000,0 days 01:45:03.163000,0 days 01:45:29.313000,230.0,282.0,277.0,304.0,False,HARD,13.0,True,Haas F1 Team,0 days 01:44:00.354000,2023-10-08 17:45:00.359,1,10.0,False,,False,True,88.951,32.765,30.036,26.15
0 days 01:50:22.164000,HUL,27,0 days 00:01:27.871000,29.0,3.0,,,0 days 00:00:32.506000,0 days 00:00:29.457000,0 days 00:00:25.908000,0 days 01:49:26.807000,0 days 01:49:56.264000,0 days 01:50:22.172000,232.0,282.0,277.0,302.0,True,MEDIUM,8.0,False,Haas F1 Team,0 days 01:48:54.293000,2023-10-08 17:49:54.298,1,17.0,False,,False,True,87.871,32.506,29.457,25.908
0 days 01:51:50.290000,HUL,27,0 days 00:01:28.126000,30.0,3.0,,,0 days 00:00:32.607000,0 days 00:00:29.558000,0 days 00:00:25.961000,0 days 01:50:54.779000,0 days 01:51:24.337000,0 days 01:51:50.298000,232.0,281.0,277.0,299.0,False,MEDIUM,9.0,False,Haas F1 Team,0 days 01:50:22.164000,2023-10-08 17:51:22.169,1,17.0,False,,False,True,88.126,32.607,29.558,25.961
0 days 01:53:18.441000,HUL,27,0 days 00:01:28.151000,31.0,3.0,,,0 days 00:00:32.505000,0 days 00:00:29.651000,0 days 00:00:25.995000,0 days 01:52:22.803000,0 days 01:52:52.454000,0 days 01:53:18.449000,233.0,281.0,277.0,303.0,False,MEDIUM,10.0,False,Haas F1 Team,0 days 01:51:50.290000,2023-10-08 17:52:50.295,1,17.0,False,,False,True,88.151,32.505,29.651,25.995
0 days 01:56:15.299000,HUL,27,0 days 00:01:28.652000,33.0,3.0,,,0 days 00:00:32.779000,0 days 00:00:29.857000,0 days 00:00:26.016000,0 days 01:55:19.434000,0 days 01:55:49.291000,0 days 01:56:15.307000,231.0,282.0,277.0,301.0,False,MEDIUM,12.0,False,Haas F1 Team,0 days 01:54:46.647000,2023-10-08 17:55:46.652,1,17.0,False,,False,True,88.652,32.779,29.857,26.016
0 days 01:57:44.147000,HUL,27,0 days 00:01:28.848000,34.0,3.0,,,0 days 00:00:32.726000,0 days 00:00:29.899000,0 days 00:00:26.223000,0 days 01:56:48.033000,0 days 01:57:17.932000,0 days 01:57:44.155000,232.0,281.0,277.0,302.0,False,MEDIUM,13.0,False,Haas F1 Team,0 days 01:56:15.299000,2023-10-08 17:57:15.304,1,17.0,False,,False,True,88.848,32.726,29.899,26.223
0 days 01:59:13.333000,HUL,27,0 days 00:01:29.186000,35.0,3.0,,,0 days 00:00:32.755000,0 days 00:00:30.277000,0 days 00:00:26.154000,0 days 01:58:16.910000,0 days 01:58:47.187000,0 days 01:59:13.341000,232.0,281.0,277.0,300.0,False,MEDIUM,14.0,False,Haas F1 Team,0 days 01:57:44.147000,2023-10-08 17:58:44.152,1,17.0,False,,False,True,89.186,32.755,30.277,26.154
0 days 02:00:42.176000,HUL,27,0 days 00:01:28.843000,36.0,3.0,,,0 days 00:00:32.941000,0 days 00:00:29.875000,0 days 00:00:26.027000,0 days 01:59:46.282000,0 days 02:00:16.157000,0 days 02:00:42.184000,229.0,281.0,278.0,300.0,False,MEDIUM,15.0,False,Haas F1 Team,0 days 01:59:13.333000,2023-10-08 18:00:13.338,1,17.0,False,,False,True,88.843,32.941,29.875,26.027
0 days 02:02:11.015000,HUL,27,0 days 00:01:28.839000,37.0,3.0,,,0 days 00:00:32.806000,0 days 00:00:29.926000,0 days 00:00:26.107000,0 days 02:01:14.990000,0 days 02:01:44.916000,0 days 02:02:11.023000,230.0,282.0,279.0,302.0,False,MEDIUM,16.0,False,Haas F1 Team,0 days 02:00:42.176000,2023-10-08 18:01:42.181,1,17.0,False,,False,True,88.839,32.806,29.926,26.107
0 days 02:03:39.971000,HUL,27,0 days 00:01:28.956000,38.0,3.0,,,0 days 00:00:32.776000,0 days 00:00:30.245000,0 days 00:00:25.935000,0 days 02:02:43.799000,0 days 02:03:14.044000,0 days 02:03:39.979000,232.0,280.0,277.0,300.0,False,MEDIUM,17.0,False,Haas F1 Team,0 days 02:02:11.015000,2023-10-08 18:03:11.020,1,17.0,False,,False,True,88.956,32.776,30.245,25.935
0 days 02:08:36.596000,HUL,27,0 days 00:01:28.229000,41.0,4.0,,,0 days 00:00:32.562000,0 days 00:00:29.561000,0 days 00:00:26.106000,0 days 02:07:40.937000,0 days 02:08:10.498000,0 days 02:08:36.604000,232.0,282.0,278.0,303.0,False,HARD,2.0,True,Haas F1 Team,0 days 02:07:08.367000,2023-10-08 18:08:08.372,1,17.0,False,,False,True,88.229,32.562,29.561,26.106
0 days 02:10:04.341000,HUL,27,0 days 00:01:27.745000,42.0,4.0,,,0 days 00:00:32.382000,0 days 00:00:29.523000,0 days 00:00:25.840000,0 days 02:09:08.986000,0 days 02:09:38.509000,0 days 02:10:04.349000,233.0,282.0,280.0,301.0,True,HARD,3.0,True,Haas F1 Team,0 days 02:08:36.596000,2023-10-08 18:09:36.601,1,17.0,False,,False,True,87.745,32.382,29.523,25.84
0 days 02:11:31.502000,HUL,27,0 days 00:01:27.161000,43.0,4.0,,,0 days 00:00:32.287000,0 days 00:00:29.271000,0 days 00:00:25.603000,0 days 02:10:36.636000,0 days 02:11:05.907000,0 days 02:11:31.510000,236.0,284.0,287.0,302.0,True,HARD,4.0,True,Haas F1 Team,0 days 02:10:04.341000,2023-10-08 18:11:04.346,1,17.0,False,,False,True,87.161,32.287,29.271,25.603
0 days 02:12:58.891000,HUL,27,0 days 00:01:27.389000,44.0,4.0,,,0 days 00:00:32.234000,0 days 00:00:29.492000,0 days 00:00:25.663000,0 days 02:12:03.744000,0 days 02:12:33.236000,0 days 02:12:58.899000,235.0,284.0,287.0,323.0,False,HARD,5.0,True,Haas F1 Team,0 days 02:11:31.502000,2023-10-08 18:12:31.507,1,17.0,False,,False,True,87.389,32.234,29.492,25.663
0 days 02:14:25.380000,HUL,27,0 days 00:01:26.489000,45.0,4.0,,,0 days 00:00:31.788000,0 days 00:00:29.119000,0 days 00:00:25.582000,0 days 02:13:30.687000,0 days 02:13:59.806000,0 days 02:14:25.388000,234.0,281.0,277.0,333.0,True,HARD,6.0,True,Haas F1 Team,0 days 02:12:58.891000,2023-10-08 18:13:58.896,1,16.0,False,,False,True,86.489,31.788,29.119,25.582
0 days 02:15:52.913000,HUL,27,0 days 00:01:27.533000,46.0,4.0,,,0 days 00:00:32.217000,0 days 00:00:29.276000,0 days 00:00:26.040000,0 days 02:14:57.605000,0 days 02:15:26.881000,0 days 02:15:52.921000,234.0,281.0,277.0,295.0,False,HARD,7.0,True,Haas F1 Team,0 days 02:14:25.380000,2023-10-08 18:15:25.385,1,16.0,False,,False,True,87.533,32.217,29.276,26.04
0 days 02:17:22.259000,HUL,27,0 days 00:01:29.346000,47.0,4.0,,,0 days 00:00:33.191000,0 days 00:00:30.416000,0 days 00:00:25.739000,0 days 02:16:26.112000,0 days 02:16:56.528000,0 days 02:17:22.267000,150.0,284.0,280.0,298.0,False,HARD,8.0,True,Haas F1 Team,0 days 02:15:52.913000,2023-10-08 18:16:52.918,1,16.0,False,,False,True,89.346,33.191,30.416,25.739
0 days 02:18:49.540000,HUL,27,0 days 00:01:27.281000,48.0,4.0,,,0 days 00:00:32.218000,0 days 00:00:29.159000,0 days 00:00:25.904000,0 days 02:17:54.485000,0 days 02:18:23.644000,0 days 02:18:49.548000,239.0,284.0,278.0,306.0,False,HARD,9.0,True,Haas F1 Team,0 days 02:17:22.259000,2023-10-08 18:18:22.264,1,16.0,False,,False,True,87.281,32.218,29.159,25.904
0 days 02:20:16.742000,HUL,27,0 days 00:01:27.202000,49.0,4.0,,,0 days 00:00:32.073000,0 days 00:00:29.279000,0 days 00:00:25.850000,0 days 02:19:21.621000,0 days 02:19:50.900000,0 days 02:20:16.750000,237.0,283.0,277.0,301.0,False,HARD,10.0,True,Haas F1 Team,0 days 02:18:49.540000,2023-10-08 18:19:49.545,1,16.0,False,,False,True,87.202,32.073,29.279,25.85
0 days 02:21:43.684000,HUL,27,0 days 00:01:26.942000,50.0,4.0,,,0 days 00:00:32.049000,0 days 00:00:29.184000,0 days 00:00:25.709000,0 days 02:20:48.799000,0 days 02:21:17.983000,0 days 02:21:43.692000,237.0,283.0,278.0,300.0,False,HARD,11.0,True,Haas F1 Team,0 days 02:20:16.742000,2023-10-08 18:21:16.747,1,16.0,False,,False,True,86.942,32.049,29.184,25.709
0 days 02:23:10.469000,HUL,27,0 days 00:01:26.785000,51.0,4.0,,,0 days 00:00:32.124000,0 days 00:00:29.209000,0 days 00:00:25.452000,0 days 02:22:15.816000,0 days 02:22:45.025000,0 days 02:23:10.477000,237.0,284.0,279.0,300.0,False,HARD,12.0,True,Haas F1 Team,0 days 02:21:43.684000,2023-10-08 18:22:43.689,1,16.0,False,,False,True,86.785,32.124,29.209,25.452
0 days 02:24:41.074000,HUL,27,0 days 00:01:30.605000,52.0,4.0,,,0 days 00:00:35.324000,0 days 00:00:29.635000,0 days 00:00:25.646000,0 days 02:23:45.801000,0 days 02:24:15.436000,0 days 02:24:41.082000,232.0,284.0,278.0,227.0,False,HARD,13.0,True,Haas F1 Team,0 days 02:23:10.469000,2023-10-08 18:24:10.474,1,16.0,False,,False,True,90.605,35.324,29.635,25.646
0 days 02:26:07.661000,HUL,27,0 days 00:01:26.587000,53.0,4.0,,,0 days 00:00:31.945000,0 days 00:00:29.279000,0 days 00:00:25.363000,0 days 02:25:13.027000,0 days 02:25:42.306000,0 days 02:26:07.669000,240.0,284.0,279.0,309.0,False,HARD,14.0,True,Haas F1 Team,0 days 02:24:41.074000,2023-10-08 18:25:41.079,1,16.0,False,,False,True,86.587,31.945,29.279,25.363
0 days 02:27:34.754000,HUL,27,0 days 00:01:27.093000,54.0,4.0,,,0 days 00:00:32.178000,0 days 00:00:29.386000,0 days 00:00:25.529000,0 days 02:26:39.847000,0 days 02:27:09.233000,0 days 02:27:34.762000,236.0,283.0,278.0,302.0,False,HARD,15.0,True,Haas F1 Team,0 days 02:26:07.661000,2023-10-08 18:27:07.666,1,16.0,False,,False,True,87.093,32.178,29.386,25.529
0 days 02:29:01.814000,HUL,27,0 days 00:01:27.060000,55.0,4.0,,,0 days 00:00:32.038000,0 days 00:00:29.468000,0 days 00:00:25.554000,0 days 02:28:06.800000,0 days 02:28:36.268000,0 days 02:29:01.822000,236.0,283.0,279.0,302.0,False,HARD,16.0,True,Haas F1 Team,0 days 02:27:34.754000,2023-10-08 18:28:34.759,1,16.0,False,,False,True,87.06,32.038,29.468,25.554
0 days 01:13:29.843000,LAW,40,0 days 00:01:34.626000,5.0,2.0,,,0 days 00:00:35.136000,0 days 00:00:31.739000,0 days 00:00:27.751000,0 days 01:12:30.357000,0 days 01:13:02.096000,0 days 01:13:29.847000,227.0,279.0,273.0,310.0,True,HARD,2.0,True,AlphaTauri,0 days 01:11:55.217000,2023-10-08 17:12:55.222,1,18.0,False,,False,True,94.626,35.136,31.739,27.751
0 days 01:15:02.947000,LAW,40,0 days 00:01:33.104000,6.0,2.0,,,0 days 00:00:34.364000,0 days 00:00:31.323000,0 days 00:00:27.417000,0 days 01:14:04.211000,0 days 01:14:35.534000,0 days 01:15:02.951000,226.0,275.0,273.0,305.0,True,HARD,3.0,True,AlphaTauri,0 days 01:13:29.843000,2023-10-08 17:14:29.848,1,18.0,False,,False,True,93.104,34.364,31.323,27.417
0 days 01:16:35.127000,LAW,40,0 days 00:01:32.180000,7.0,2.0,,,0 days 00:00:34.226000,0 days 00:00:30.983000,0 days 00:00:26.971000,0 days 01:15:37.177000,0 days 01:16:08.160000,0 days 01:16:35.131000,226.0,274.0,273.0,299.0,True,HARD,4.0,True,AlphaTauri,0 days 01:15:02.947000,2023-10-08 17:16:02.952,1,18.0,False,,False,True,92.18,34.226,30.983,26.971
0 days 01:18:06.539000,LAW,40,0 days 00:01:31.412000,8.0,2.0,,,0 days 00:00:33.939000,0 days 00:00:30.705000,0 days 00:00:26.768000,0 days 01:17:09.070000,0 days 01:17:39.775000,0 days 01:18:06.543000,229.0,277.0,275.0,303.0,True,HARD,5.0,True,AlphaTauri,0 days 01:16:35.127000,2023-10-08 17:17:35.132,1,18.0,False,,False,True,91.412,33.939,30.705,26.768
0 days 01:24:11.837000,LAW,40,0 days 00:01:31.836000,12.0,2.0,,,0 days 00:00:33.833000,0 days 00:00:30.970000,0 days 00:00:27.033000,0 days 01:23:13.838000,0 days 01:23:44.808000,0 days 01:24:11.841000,227.0,274.0,282.0,324.0,False,HARD,9.0,True,AlphaTauri,0 days 01:22:40.001000,2023-10-08 17:23:40.006,1,14.0,False,,False,True,91.836,33.833,30.97,27.033
0 days 01:25:44.114000,LAW,40,0 days 00:01:32.277000,13.0,2.0,,,0 days 00:00:34.166000,0 days 00:00:30.995000,0 days 00:00:27.116000,0 days 01:24:46.007000,0 days 01:25:17.002000,0 days 01:25:44.118000,225.0,274.0,274.0,324.0,False,HARD,10.0,True,AlphaTauri,0 days 01:24:11.837000,2023-10-08 17:25:11.842,1,12.0,False,,False,True,92.277,34.166,30.995,27.116
0 days 01:27:15.444000,LAW,40,0 days 00:01:31.330000,14.0,2.0,,,0 days 00:00:33.930000,0 days 00:00:30.621000,0 days 00:00:26.779000,0 days 01:26:18.048000,0 days 01:26:48.669000,0 days 01:27:15.448000,229.0,279.0,283.0,307.0,True,HARD,11.0,True,AlphaTauri,0 days 01:25:44.114000,2023-10-08 17:26:44.119,1,10.0,False,,False,True,91.33,33.93,30.621,26.779
0 days 01:28:47.099000,LAW,40,0 days 00:01:31.655000,15.0,2.0,,,0 days 00:00:34.106000,0 days 00:00:30.697000,0 days 00:00:26.852000,0 days 01:27:49.554000,0 days 01:28:20.251000,0 days 01:28:47.103000,227.0,277.0,274.0,321.0,False,HARD,12.0,True,AlphaTauri,0 days 01:27:15.444000,2023-10-08 17:28:15.449,1,10.0,False,,False,True,91.655,34.106,30.697,26.852
0 days 01:30:18.967000,LAW,40,0 days 00:01:31.868000,16.0,2.0,,,0 days 00:00:34.527000,0 days 00:00:30.699000,0 days 00:00:26.642000,0 days 01:29:21.630000,0 days 01:29:52.329000,0 days 01:30:18.971000,228.0,280.0,276.0,299.0,False,HARD,13.0,True,AlphaTauri,0 days 01:28:47.099000,2023-10-08 17:29:47.104,1,12.0,False,,False,True,91.868,34.527,30.699,26.642
0 days 01:31:50.426000,LAW,40,0 days 00:01:31.459000,17.0,2.0,,,0 days 00:00:34.326000,0 days 00:00:30.663000,0 days 00:00:26.470000,0 days 01:30:53.297000,0 days 01:31:23.960000,0 days 01:31:50.430000,229.0,276.0,277.0,304.0,False,HARD,14.0,True,AlphaTauri,0 days 01:30:18.967000,2023-10-08 17:31:18.972,1,13.0,False,,False,True,91.459,34.326,30.663,26.47
0 days 01:33:21.815000,LAW,40,0 days 00:01:31.389000,18.0,2.0,,,0 days 00:00:34.256000,0 days 00:00:30.628000,0 days 00:00:26.505000,0 days 01:32:24.686000,0 days 01:32:55.314000,0 days 01:33:21.819000,229.0,276.0,276.0,305.0,False,HARD,15.0,True,AlphaTauri,0 days 01:31:50.426000,2023-10-08 17:32:50.431,1,13.0,False,,False,True,91.389,34.256,30.628,26.505
0 days 01:34:53.094000,LAW,40,0 days 00:01:31.279000,19.0,2.0,,,0 days 00:00:34.223000,0 days 00:00:30.541000,0 days 00:00:26.515000,0 days 01:33:56.042000,0 days 01:34:26.583000,0 days 01:34:53.098000,228.0,279.0,283.0,304.0,True,HARD,16.0,True,AlphaTauri,0 days 01:33:21.815000,2023-10-08 17:34:21.820,1,12.0,False,,False,True,91.279,34.223,30.541,26.515
0 days 01:36:23.701000,LAW,40,0 days 00:01:30.607000,20.0,2.0,,,0 days 00:00:33.544000,0 days 00:00:30.504000,0 days 00:00:26.559000,0 days 01:35:26.642000,0 days 01:35:57.146000,0 days 01:36:23.705000,229.0,279.0,281.0,326.0,True,HARD,17.0,True,AlphaTauri,0 days 01:34:53.094000,2023-10-08 17:35:53.099,1,12.0,False,,False,True,90.607,33.544,30.504,26.559
0 days 01:41:22.824000,LAW,40,0 days 00:01:30.379000,23.0,3.0,,,0 days 00:00:33.669000,0 days 00:00:30.104000,0 days 00:00:26.606000,0 days 01:40:26.118000,0 days 01:40:56.222000,0 days 01:41:22.828000,230.0,276.0,274.0,301.0,True,HARD,2.0,True,AlphaTauri,0 days 01:39:52.445000,2023-10-08 17:40:52.450,1,18.0,False,,False,True,90.379,33.669,30.104,26.606
0 days 01:42:52.486000,LAW,40,0 days 00:01:29.662000,24.0,3.0,,,0 days 00:00:33.321000,0 days 00:00:30.075000,0 days 00:00:26.266000,0 days 01:41:56.149000,0 days 01:42:26.224000,0 days 01:42:52.490000,229.0,272.0,275.0,296.0,True,HARD,3.0,True,AlphaTauri,0 days 01:41:22.824000,2023-10-08 17:42:22.829,1,18.0,False,,False,True,89.662,33.321,30.075,26.266
0 days 01:44:21.595000,LAW,40,0 days 00:01:29.109000,25.0,3.0,,,0 days 00:00:33.157000,0 days 00:00:29.856000,0 days 00:00:26.096000,0 days 01:43:25.647000,0 days 01:43:55.503000,0 days 01:44:21.599000,229.0,277.0,273.0,298.0,True,HARD,4.0,True,AlphaTauri,0 days 01:42:52.486000,2023-10-08 17:43:52.491,1,18.0,False,,False,True,89.109,33.157,29.856,26.096
0 days 01:45:50.906000,LAW,40,0 days 00:01:29.311000,26.0,3.0,,,0 days 00:00:33.111000,0 days 00:00:29.997000,0 days 00:00:26.203000,0 days 01:44:54.710000,0 days 01:45:24.707000,0 days 01:45:50.910000,229.0,271.0,274.0,297.0,False,HARD,5.0,True,AlphaTauri,0 days 01:44:21.595000,2023-10-08 17:45:21.600,1,18.0,False,,False,True,89.311,33.111,29.997,26.203
0 days 01:47:20.101000,LAW,40,0 days 00:01:29.195000,27.0,3.0,,,0 days 00:00:33.137000,0 days 00:00:30.033000,0 days 00:00:26.025000,0 days 01:46:24.047000,0 days 01:46:54.080000,0 days 01:47:20.105000,230.0,273.0,274.0,296.0,False,HARD,6.0,True,AlphaTauri,0 days 01:45:50.906000,2023-10-08 17:46:50.911,1,17.0,False,,False,True,89.195,33.137,30.033,26.025
0 days 01:48:48.989000,LAW,40,0 days 00:01:28.888000,28.0,3.0,,,0 days 00:00:32.881000,0 days 00:00:29.896000,0 days 00:00:26.111000,0 days 01:47:52.986000,0 days 01:48:22.882000,0 days 01:48:48.993000,230.0,273.0,273.0,296.0,True,HARD,7.0,True,AlphaTauri,0 days 01:47:20.101000,2023-10-08 17:48:20.106,1,16.0,False,,False,True,88.888,32.881,29.896,26.111
0 days 01:50:17.731000,LAW,40,0 days 00:01:28.742000,29.0,3.0,,,0 days 00:00:33.132000,0 days 00:00:29.753000,0 days 00:00:25.857000,0 days 01:49:22.125000,0 days 01:49:51.878000,0 days 01:50:17.735000,230.0,273.0,275.0,297.0,True,HARD,8.0,True,AlphaTauri,0 days 01:48:48.989000,2023-10-08 17:49:48.994,1,16.0,False,,False,True,88.742,33.132,29.753,25.857
0 days 01:51:46.437000,LAW,40,0 days 00:01:28.706000,30.0,3.0,,,0 days 00:00:32.924000,0 days 00:00:29.814000,0 days 00:00:25.968000,0 days 01:50:50.659000,0 days 01:51:20.473000,0 days 01:51:46.441000,230.0,275.0,274.0,296.0,True,HARD,9.0,True,AlphaTauri,0 days 01:50:17.731000,2023-10-08 17:51:17.736,1,16.0,False,,False,True,88.706,32.924,29.814,25.968
0 days 01:53:14.735000,LAW,40,0 days 00:01:28.298000,31.0,3.0,,,0 days 00:00:32.770000,0 days 00:00:29.644000,0 days 00:00:25.884000,0 days 01:52:19.211000,0 days 01:52:48.855000,0 days 01:53:14.739000,231.0,273.0,275.0,297.0,True,HARD,10.0,True,AlphaTauri,0 days 01:51:46.437000,2023-10-08 17:52:46.442,1,16.0,False,,False,True,88.298,32.77,29.644,25.884
0 days 01:56:12.403000,LAW,40,0 days 00:01:28.635000,33.0,3.0,,,0 days 00:00:33.023000,0 days 00:00:29.707000,0 days 00:00:25.905000,0 days 01:55:16.795000,0 days 01:55:46.502000,0 days 01:56:12.407000,229.0,274.0,275.0,299.0,False,HARD,12.0,True,AlphaTauri,0 days 01:54:43.768000,2023-10-08 17:55:43.773,1,16.0,False,,False,True,88.635,33.023,29.707,25.905
0 days 01:57:41.277000,LAW,40,0 days 00:01:28.874000,34.0,3.0,,,0 days 00:00:33.035000,0 days 00:00:29.785000,0 days 00:00:26.054000,0 days 01:56:45.442000,0 days 01:57:15.227000,0 days 01:57:41.281000,230.0,274.0,274.0,300.0,False,HARD,13.0,True,AlphaTauri,0 days 01:56:12.403000,2023-10-08 17:57:12.408,1,16.0,False,,False,True,88.874,33.035,29.785,26.054
0 days 01:59:10.189000,LAW,40,0 days 00:01:28.912000,35.0,3.0,,,0 days 00:00:33.061000,0 days 00:00:29.743000,0 days 00:00:26.108000,0 days 01:58:14.342000,0 days 01:58:44.085000,0 days 01:59:10.193000,230.0,275.0,275.0,301.0,False,HARD,14.0,True,AlphaTauri,0 days 01:57:41.277000,2023-10-08 17:58:41.282,1,16.0,False,,False,True,88.912,33.061,29.743,26.108
0 days 02:00:39.818000,LAW,40,0 days 00:01:29.629000,36.0,3.0,,,0 days 00:00:33.347000,0 days 00:00:29.945000,0 days 00:00:26.337000,0 days 01:59:43.540000,0 days 02:00:13.485000,0 days 02:00:39.822000,221.0,278.0,276.0,299.0,False,HARD,15.0,True,AlphaTauri,0 days 01:59:10.189000,2023-10-08 18:00:10.194,1,16.0,False,,False,True,89.629,33.347,29.945,26.337
0 days 02:02:08.548000,LAW,40,0 days 00:01:28.730000,37.0,3.0,,,0 days 00:00:33,0 days 00:00:29.747000,0 days 00:00:25.983000,0 days 02:01:12.822000,0 days 02:01:42.569000,0 days 02:02:08.552000,225.0,274.0,276.0,299.0,False,HARD,16.0,True,AlphaTauri,0 days 02:00:39.818000,2023-10-08 18:01:39.823,1,16.0,False,,False,True,88.73,33.0,29.747,25.983
0 days 02:03:37.171000,LAW,40,0 days 00:01:28.623000,38.0,3.0,,,0 days 00:00:32.989000,0 days 00:00:29.773000,0 days 00:00:25.861000,0 days 02:02:41.541000,0 days 02:03:11.314000,0 days 02:03:37.175000,229.0,277.0,276.0,299.0,False,HARD,17.0,True,AlphaTauri,0 days 02:02:08.548000,2023-10-08 18:03:08.553,1,16.0,False,,False,True,88.623,32.989,29.773,25.861
0 days 02:08:32.663000,LAW,40,0 days 00:01:30.587000,41.0,4.0,,,0 days 00:00:34.481000,0 days 00:00:30.002000,0 days 00:00:26.104000,0 days 02:07:36.561000,0 days 02:08:06.563000,0 days 02:08:32.667000,230.0,277.0,276.0,252.0,False,MEDIUM,2.0,True,AlphaTauri,0 days 02:07:02.076000,2023-10-08 18:08:02.081,1,16.0,False,,False,True,90.587,34.481,30.002,26.104
0 days 02:10:02.447000,LAW,40,0 days 00:01:29.784000,42.0,4.0,,,0 days 00:00:33.859000,0 days 00:00:29.987000,0 days 00:00:25.938000,0 days 02:09:06.526000,0 days 02:09:36.513000,0 days 02:10:02.451000,229.0,277.0,276.0,300.0,False,MEDIUM,3.0,True,AlphaTauri,0 days 02:08:32.663000,2023-10-08 18:09:32.668,1,16.0,False,,False,True,89.784,33.859,29.987,25.938
0 days 02:11:30.489000,LAW,40,0 days 00:01:28.042000,43.0,4.0,,,0 days 00:00:32.791000,0 days 00:00:29.594000,0 days 00:00:25.657000,0 days 02:10:35.242000,0 days 02:11:04.836000,0 days 02:11:30.493000,231.0,276.0,276.0,297.0,True,MEDIUM,4.0,True,AlphaTauri,0 days 02:10:02.447000,2023-10-08 18:11:02.452,1,16.0,False,,False,True,88.042,32.791,29.594,25.657
0 days 02:12:58.281000,LAW,40,0 days 00:01:27.792000,44.0,4.0,,,0 days 00:00:32.737000,0 days 00:00:29.537000,0 days 00:00:25.518000,0 days 02:12:03.230000,0 days 02:12:32.767000,0 days 02:12:58.285000,233.0,274.0,275.0,295.0,True,MEDIUM,5.0,True,AlphaTauri,0 days 02:11:30.489000,2023-10-08 18:12:30.494,1,16.0,False,,False,True,87.792,32.737,29.537,25.518
0 days 02:14:28.075000,LAW,40,0 days 00:01:29.794000,45.0,4.0,,,0 days 00:00:33.788000,0 days 00:00:29.772000,0 days 00:00:26.234000,0 days 02:13:32.073000,0 days 02:14:01.845000,0 days 02:14:28.079000,230.0,277.0,276.0,301.0,False,MEDIUM,6.0,True,AlphaTauri,0 days 02:12:58.281000,2023-10-08 18:13:58.286,1,17.0,False,,False,True,89.794,33.788,29.772,26.234
0 days 02:15:57.354000,LAW,40,0 days 00:01:29.279000,46.0,4.0,,,0 days 00:00:33.656000,0 days 00:00:29.717000,0 days 00:00:25.906000,0 days 02:15:01.735000,0 days 02:15:31.452000,0 days 02:15:57.358000,232.0,279.0,276.0,291.0,False,MEDIUM,7.0,True,AlphaTauri,0 days 02:14:28.075000,2023-10-08 18:15:28.080,1,17.0,False,,False,True,89.279,33.656,29.717,25.906
0 days 02:17:25.464000,LAW,40,0 days 00:01:28.110000,47.0,4.0,,,0 days 00:00:32.846000,0 days 00:00:29.522000,0 days 00:00:25.742000,0 days 02:16:30.204000,0 days 02:16:59.726000,0 days 02:17:25.468000,230.0,277.0,276.0,301.0,False,MEDIUM,8.0,True,AlphaTauri,0 days 02:15:57.354000,2023-10-08 18:16:57.359,1,17.0,False,,False,True,88.11,32.846,29.522,25.742
0 days 02:18:53.872000,LAW,40,0 days 00:01:28.408000,48.0,4.0,,,0 days 00:00:32.878000,0 days 00:00:29.577000,0 days 00:00:25.953000,0 days 02:17:58.346000,0 days 02:18:27.923000,0 days 02:18:53.876000,231.0,276.0,277.0,299.0,False,MEDIUM,9.0,True,AlphaTauri,0 days 02:17:25.464000,2023-10-08 18:18:25.469,1,17.0,False,,False,True,88.408,32.878,29.577,25.953
0 days 02:20:25.472000,LAW,40,0 days 00:01:31.600000,49.0,4.0,,,0 days 00:00:34.686000,0 days 00:00:30.812000,0 days 00:00:26.102000,0 days 02:19:28.562000,0 days 02:19:59.374000,0 days 02:20:25.476000,204.0,280.0,276.0,299.0,False,MEDIUM,10.0,True,AlphaTauri,0 days 02:18:53.872000,2023-10-08 18:19:53.877,1,17.0,False,,False,True,91.6,34.686,30.812,26.102
0 days 02:21:53.528000,LAW,40,0 days 00:01:28.056000,50.0,4.0,,,0 days 00:00:32.748000,0 days 00:00:29.555000,0 days 00:00:25.753000,0 days 02:20:58.224000,0 days 02:21:27.779000,0 days 02:21:53.532000,230.0,276.0,275.0,298.0,False,MEDIUM,11.0,True,AlphaTauri,0 days 02:20:25.472000,2023-10-08 18:21:25.477,1,17.0,False,,False,True,88.056,32.748,29.555,25.753
0 days 02:23:21.758000,LAW,40,0 days 00:01:28.230000,51.0,4.0,,,0 days 00:00:32.943000,0 days 00:00:29.497000,0 days 00:00:25.790000,0 days 02:22:26.475000,0 days 02:22:55.972000,0 days 02:23:21.762000,232.0,277.0,274.0,298.0,False,MEDIUM,12.0,True,AlphaTauri,0 days 02:21:53.528000,2023-10-08 18:22:53.533,1,17.0,False,,False,True,88.23,32.943,29.497,25.79
0 days 02:24:49.394000,LAW,40,0 days 00:01:27.636000,52.0,4.0,,,0 days 00:00:32.520000,0 days 00:00:29.398000,0 days 00:00:25.718000,0 days 02:23:54.282000,0 days 02:24:23.680000,0 days 02:24:49.398000,233.0,278.0,275.0,298.0,True,MEDIUM,13.0,True,AlphaTauri,0 days 02:23:21.758000,2023-10-08 18:24:21.763,1,17.0,False,,False,True,87.636,32.52,29.398,25.718
0 days 02:26:17.259000,LAW,40,0 days 00:01:27.865000,53.0,4.0,,,0 days 00:00:32.773000,0 days 00:00:29.398000,0 days 00:00:25.694000,0 days 02:25:22.171000,0 days 02:25:51.569000,0 days 02:26:17.263000,235.0,277.0,276.0,294.0,False,MEDIUM,14.0,True,AlphaTauri,0 days 02:24:49.394000,2023-10-08 18:25:49.399,1,17.0,False,,False,True,87.865,32.773,29.398,25.694
0 days 02:27:44.372000,LAW,40,0 days 00:01:27.113000,54.0,4.0,,,0 days 00:00:32.368000,0 days 00:00:29.195000,0 days 00:00:25.550000,0 days 02:26:49.631000,0 days 02:27:18.826000,0 days 02:27:44.376000,236.0,276.0,276.0,295.0,True,MEDIUM,15.0,True,AlphaTauri,0 days 02:26:17.259000,2023-10-08 18:27:17.264,1,17.0,False,,False,True,87.113,32.368,29.195,25.55
0 days 02:29:11.838000,LAW,40,0 days 00:01:27.466000,55.0,4.0,,,0 days 00:00:32.428000,0 days 00:00:29.296000,0 days 00:00:25.742000,0 days 02:28:16.804000,0 days 02:28:46.100000,0 days 02:29:11.842000,235.0,277.0,275.0,297.0,False,MEDIUM,16.0,True,AlphaTauri,0 days 02:27:44.372000,2023-10-08 18:28:44.377,1,17.0,False,,False,True,87.466,32.428,29.296,25.742
0 days 02:30:40.281000,LAW,40,0 days 00:01:28.443000,56.0,4.0,,,0 days 00:00:32.881000,0 days 00:00:29.535000,0 days 00:00:26.027000,0 days 02:29:44.723000,0 days 02:30:14.258000,0 days 02:30:40.285000,234.0,276.0,272.0,296.0,False,MEDIUM,17.0,True,AlphaTauri,0 days 02:29:11.838000,2023-10-08 18:30:11.843,1,17.0,False,,False,True,88.443,32.881,29.535,26.027
0 days 01:13:25.365000,SAR,2,0 days 00:01:33.163000,5.0,1.0,,,0 days 00:00:34.574000,0 days 00:00:31.422000,0 days 00:00:27.167000,0 days 01:12:26.776000,0 days 01:12:58.198000,0 days 01:13:25.365000,218.0,275.0,280.0,312.0,True,MEDIUM,5.0,True,Williams,0 days 01:11:52.202000,2023-10-08 17:12:52.207,1,11.0,False,,False,True,93.163,34.574,31.422,27.167
0 days 01:14:58.093000,SAR,2,0 days 00:01:32.728000,6.0,1.0,,,0 days 00:00:33.890000,0 days 00:00:31.449000,0 days 00:00:27.389000,0 days 01:13:59.255000,0 days 01:14:30.704000,0 days 01:14:58.093000,227.0,275.0,280.0,314.0,True,MEDIUM,6.0,True,Williams,0 days 01:13:25.365000,2023-10-08 17:14:25.370,1,11.0,False,,False,True,92.728,33.89,31.449,27.389
0 days 01:16:29.230000,SAR,2,0 days 00:01:31.137000,7.0,1.0,,,0 days 00:00:33.709000,0 days 00:00:30.669000,0 days 00:00:26.759000,0 days 01:15:31.802000,0 days 01:16:02.471000,0 days 01:16:29.230000,229.0,276.0,285.0,311.0,True,MEDIUM,7.0,True,Williams,0 days 01:14:58.093000,2023-10-08 17:15:58.098,1,11.0,False,,False,True,91.137,33.709,30.669,26.759
0 days 01:18:00.103000,SAR,2,0 days 00:01:30.873000,8.0,1.0,,,0 days 00:00:33.316000,0 days 00:00:30.724000,0 days 00:00:26.833000,0 days 01:17:02.546000,0 days 01:17:33.270000,0 days 01:18:00.103000,231.0,276.0,279.0,328.0,True,MEDIUM,8.0,True,Williams,0 days 01:16:29.230000,2023-10-08 17:17:29.235,1,11.0,False,,False,True,90.873,33.316,30.724,26.833
0 days 01:21:02.966000,SAR,2,0 days 00:01:31.164000,10.0,1.0,,,0 days 00:00:33.557000,0 days 00:00:30.869000,0 days 00:00:26.738000,0 days 01:20:05.359000,0 days 01:20:36.228000,0 days 01:21:02.966000,225.0,276.0,278.0,312.0,False,MEDIUM,10.0,True,Williams,0 days 01:19:31.802000,2023-10-08 17:20:31.807,1,11.0,False,,False,True,91.164,33.557,30.869,26.738
0 days 01:22:34.068000,SAR,2,0 days 00:01:31.102000,11.0,1.0,,,0 days 00:00:33.347000,0 days 00:00:30.858000,0 days 00:00:26.897000,0 days 01:21:36.313000,0 days 01:22:07.171000,0 days 01:22:34.068000,227.0,276.0,280.0,309.0,False,MEDIUM,11.0,True,Williams,0 days 01:21:02.966000,2023-10-08 17:22:02.971,1,10.0,False,,False,True,91.102,33.347,30.858,26.897
0 days 01:24:04.766000,SAR,2,0 days 00:01:30.698000,12.0,1.0,,,0 days 00:00:33.474000,0 days 00:00:30.547000,0 days 00:00:26.677000,0 days 01:23:07.542000,0 days 01:23:38.089000,0 days 01:24:04.766000,227.0,276.0,279.0,309.0,True,MEDIUM,12.0,True,Williams,0 days 01:22:34.068000,2023-10-08 17:23:34.073,1,8.0,False,,False,True,90.698,33.474,30.547,26.677
0 days 01:29:02.374000,SAR,2,0 days 00:01:28.999000,15.0,2.0,,,0 days 00:00:32.713000,0 days 00:00:29.933000,0 days 00:00:26.353000,0 days 01:28:06.088000,0 days 01:28:36.021000,0 days 01:29:02.374000,231.0,279.0,275.0,305.0,True,MEDIUM,2.0,True,Williams,0 days 01:27:33.375000,2023-10-08 17:28:33.380,1,17.0,False,,False,True,88.999,32.713,29.933,26.353
0 days 01:30:31.795000,SAR,2,0 days 00:01:29.421000,16.0,2.0,,,0 days 00:00:32.918000,0 days 00:00:30.211000,0 days 00:00:26.292000,0 days 01:29:35.292000,0 days 01:30:05.503000,0 days 01:30:31.795000,234.0,280.0,277.0,305.0,False,MEDIUM,3.0,True,Williams,0 days 01:29:02.374000,2023-10-08 17:30:02.379,1,17.0,False,,False,True,89.421,32.918,30.211,26.292
0 days 01:32:00.850000,SAR,2,0 days 00:01:29.055000,17.0,2.0,,,0 days 00:00:32.782000,0 days 00:00:29.968000,0 days 00:00:26.305000,0 days 01:31:04.577000,0 days 01:31:34.545000,0 days 01:32:00.850000,236.0,280.0,276.0,307.0,False,MEDIUM,4.0,True,Williams,0 days 01:30:31.795000,2023-10-08 17:31:31.800,1,17.0,False,,False,True,89.055,32.782,29.968,26.305
0 days 01:33:30.545000,SAR,2,0 days 00:01:29.695000,18.0,2.0,,,0 days 00:00:33.103000,0 days 00:00:30.179000,0 days 00:00:26.413000,0 days 01:32:33.953000,0 days 01:33:04.132000,0 days 01:33:30.545000,235.0,282.0,280.0,307.0,False,MEDIUM,5.0,True,Williams,0 days 01:32:00.850000,2023-10-08 17:33:00.855,1,17.0,False,,False,True,89.695,33.103,30.179,26.413
0 days 01:35:00.205000,SAR,2,0 days 00:01:29.660000,19.0,2.0,,,0 days 00:00:33.043000,0 days 00:00:30.187000,0 days 00:00:26.430000,0 days 01:34:03.588000,0 days 01:34:33.775000,0 days 01:35:00.205000,230.0,276.0,281.0,310.0,False,MEDIUM,6.0,True,Williams,0 days 01:33:30.545000,2023-10-08 17:34:30.550,1,16.0,False,,False,True,89.66,33.043,30.187,26.43
0 days 01:36:29.675000,SAR,2,0 days 00:01:29.470000,20.0,2.0,,,0 days 00:00:32.955000,0 days 00:00:30.156000,0 days 00:00:26.359000,0 days 01:35:33.160000,0 days 01:36:03.316000,0 days 01:36:29.675000,234.0,280.0,279.0,309.0,False,MEDIUM,7.0,True,Williams,0 days 01:35:00.205000,2023-10-08 17:36:00.210,1,16.0,False,,False,True,89.47,32.955,30.156,26.359
0 days 01:37:59.716000,SAR,2,0 days 00:01:30.041000,21.0,2.0,,,0 days 00:00:32.804000,0 days 00:00:30.160000,0 days 00:00:27.077000,0 days 01:37:02.479000,0 days 01:37:32.639000,0 days 01:37:59.716000,234.0,281.0,276.0,310.0,False,MEDIUM,8.0,True,Williams,0 days 01:36:29.675000,2023-10-08 17:37:29.680,1,16.0,False,,False,True,90.041,32.804,30.16,27.077
0 days 01:39:29.521000,SAR,2,0 days 00:01:29.805000,22.0,2.0,,,0 days 00:00:33.277000,0 days 00:00:30.174000,0 days 00:00:26.354000,0 days 01:38:32.993000,0 days 01:39:03.167000,0 days 01:39:29.521000,233.0,280.0,277.0,310.0,False,MEDIUM,9.0,True,Williams,0 days 01:37:59.716000,2023-10-08 17:38:59.721,1,11.0,False,,False,True,89.805,33.277,30.174,26.354
0 days 01:40:58.819000,SAR,2,0 days 00:01:29.298000,23.0,2.0,,,0 days 00:00:32.994000,0 days 00:00:30.010000,0 days 00:00:26.294000,0 days 01:40:02.515000,0 days 01:40:32.525000,0 days 01:40:58.819000,235.0,282.0,279.0,308.0,False,MEDIUM,10.0,True,Williams,0 days 01:39:29.521000,2023-10-08 17:40:29.526,1,11.0,False,,False,True,89.298,32.994,30.01,26.294
0 days 01:42:28.189000,SAR,2,0 days 00:01:29.370000,24.0,2.0,,,0 days 00:00:33.009000,0 days 00:00:30.120000,0 days 00:00:26.241000,0 days 01:41:31.828000,0 days 01:42:01.948000,0 days 01:42:28.189000,229.0,276.0,280.0,306.0,False,MEDIUM,11.0,True,Williams,0 days 01:40:58.819000,2023-10-08 17:41:58.824,1,11.0,False,,False,True,89.37,33.009,30.12,26.241
0 days 01:43:57.721000,SAR,2,0 days 00:01:29.532000,25.0,2.0,,,0 days 00:00:32.926000,0 days 00:00:30.443000,0 days 00:00:26.163000,0 days 01:43:01.115000,0 days 01:43:31.558000,0 days 01:43:57.721000,229.0,274.0,280.0,307.0,False,MEDIUM,12.0,True,Williams,0 days 01:42:28.189000,2023-10-08 17:43:28.194,1,11.0,False,,False,True,89.532,32.926,30.443,26.163
0 days 01:48:55.096000,SAR,2,0 days 00:01:29.319000,28.0,3.0,,,0 days 00:00:33.123000,0 days 00:00:30.044000,0 days 00:00:26.152000,0 days 01:47:58.900000,0 days 01:48:28.944000,0 days 01:48:55.096000,230.0,279.0,286.0,305.0,False,HARD,2.0,True,Williams,0 days 01:47:25.777000,2023-10-08 17:48:25.782,1,18.0,False,,False,True,89.319,33.123,30.044,26.152
0 days 01:50:23.387000,SAR,2,0 days 00:01:28.291000,29.0,3.0,,,0 days 00:00:32.471000,0 days 00:00:29.889000,0 days 00:00:25.931000,0 days 01:49:27.567000,0 days 01:49:57.456000,0 days 01:50:23.387000,232.0,278.0,281.0,328.0,True,HARD,3.0,True,Williams,0 days 01:48:55.096000,2023-10-08 17:49:55.101,1,18.0,False,,False,True,88.291,32.471,29.889,25.931
0 days 01:51:51.482000,SAR,2,0 days 00:01:28.095000,30.0,3.0,,,0 days 00:00:32.551000,0 days 00:00:29.702000,0 days 00:00:25.842000,0 days 01:50:55.938000,0 days 01:51:25.640000,0 days 01:51:51.482000,235.0,276.0,282.0,309.0,True,HARD,4.0,True,Williams,0 days 01:50:23.387000,2023-10-08 17:51:23.392,1,18.0,False,,False,True,88.095,32.551,29.702,25.842
0 days 01:53:19.465000,SAR,2,0 days 00:01:27.983000,31.0,3.0,,,0 days 00:00:32.376000,0 days 00:00:29.838000,0 days 00:00:25.769000,0 days 01:52:23.858000,0 days 01:52:53.696000,0 days 01:53:19.465000,234.0,278.0,282.0,310.0,True,HARD,5.0,True,Williams,0 days 01:51:51.482000,2023-10-08 17:52:51.487,1,18.0,False,,False,True,87.983,32.376,29.838,25.769
0 days 01:56:16.499000,SAR,2,0 days 00:01:28.804000,33.0,3.0,,,0 days 00:00:32.714000,0 days 00:00:30.050000,0 days 00:00:26.040000,0 days 01:55:20.409000,0 days 01:55:50.459000,0 days 01:56:16.499000,231.0,278.0,282.0,311.0,False,HARD,7.0,True,Williams,0 days 01:54:47.695000,2023-10-08 17:55:47.700,1,18.0,False,,False,True,88.804,32.714,30.05,26.04
0 days 01:57:45.481000,SAR,2,0 days 00:01:28.982000,34.0,3.0,,,0 days 00:00:32.633000,0 days 00:00:30.174000,0 days 00:00:26.175000,0 days 01:56:49.132000,0 days 01:57:19.306000,0 days 01:57:45.481000,232.0,278.0,282.0,311.0,False,HARD,8.0,True,Williams,0 days 01:56:16.499000,2023-10-08 17:57:16.504,1,18.0,False,,False,True,88.982,32.633,30.174,26.175
0 days 01:59:14.052000,SAR,2,0 days 00:01:28.571000,35.0,3.0,,,0 days 00:00:32.608000,0 days 00:00:29.978000,0 days 00:00:25.985000,0 days 01:58:18.089000,0 days 01:58:48.067000,0 days 01:59:14.052000,231.0,280.0,289.0,310.0,False,HARD,9.0,True,Williams,0 days 01:57:45.481000,2023-10-08 17:58:45.486,1,18.0,False,,False,True,88.571,32.608,29.978,25.985
0 days 02:00:43.106000,SAR,2,0 days 00:01:29.054000,36.0,3.0,,,0 days 00:00:32.772000,0 days 00:00:30.294000,0 days 00:00:25.988000,0 days 01:59:46.824000,0 days 02:00:17.118000,0 days 02:00:43.106000,230.0,278.0,288.0,330.0,False,HARD,10.0,True,Williams,0 days 01:59:14.052000,2023-10-08 18:00:14.057,1,18.0,False,,False,True,89.054,32.772,30.294,25.988
0 days 02:02:11.987000,SAR,2,0 days 00:01:28.881000,37.0,3.0,,,0 days 00:00:32.614000,0 days 00:00:30.202000,0 days 00:00:26.065000,0 days 02:01:15.720000,0 days 02:01:45.922000,0 days 02:02:11.987000,229.0,279.0,284.0,330.0,False,HARD,11.0,True,Williams,0 days 02:00:43.106000,2023-10-08 18:01:43.111,1,18.0,False,,False,True,88.881,32.614,30.202,26.065
0 days 02:05:10.550000,SAR,2,0 days 00:01:29.587000,39.0,3.0,,,0 days 00:00:32.604000,0 days 00:00:30.890000,0 days 00:00:26.093000,0 days 02:04:13.567000,0 days 02:04:44.457000,0 days 02:05:10.550000,231.0,276.0,281.0,313.0,False,HARD,13.0,True,Williams,0 days 02:03:40.963000,2023-10-08 18:04:40.968,1,17.0,False,,False,True,89.587,32.604,30.89,26.093
